name,id,first,last
(The Earl of) Dartmouth,96958,2014-07-02,2018-07-05
Adaktusson,124990,2014-07-01,2018-07-03
Ademov,189525,2017-10-02,2018-07-05
Adinolfi,124831,2014-07-01,2018-07-05
Affronte,124797,2014-07-01,2018-07-05
Agea,124811,2014-07-01,2018-07-04
Agnew,96897,2014-07-01,2018-07-05
Aguilera García,125045,2014-07-01,2018-07-05
Aiuto,124842,2014-07-01,2018-07-05
Aker,99650,2014-07-01,2018-07-05
Albiol Guzmán,125048,2014-07-01,2018-07-05
Albrecht,96736,2014-07-01,2018-06-13
Alex Mayer,185637,2016-12-01,2018-07-05
Ali,34250,2014-07-01,2018-07-05
Aliot,30190,2014-07-01,2017-05-17
Alliot-Marie,1179,2014-07-01,2018-07-05
Andersson,124994,2014-07-01,2018-07-05
Andrej Plenković,112755,2014-07-01,2014-11-13
Andrieu,113892,2014-07-01,2018-07-05
Andrikienė,28276,2016-06-06,2018-06-14
Androulakis,125110,2014-07-01,2018-07-05
Andrus Ansip,124696,2014-09-15,2014-09-18
Anneliese Dodds,124969,2014-07-01,2017-04-06
Annemans,124973,2014-07-01,2018-07-05
Ansip,124696,2014-07-01,2014-10-23
Antonio Tajani,2187,2016-05-12,2017-05-17
Arena,124936,2014-07-01,2018-07-05
Arimont,24922,2014-07-01,2018-07-05
Arnautu,124748,2014-07-01,2018-07-05
Arnott,124958,2014-07-01,2018-07-05
Arthuis,124773,2014-07-01,2018-07-05
Ashworth,28132,2014-07-01,2018-07-05
Assis,28307,2014-07-01,2018-07-05
Atkinson,124938,2014-07-01,2018-07-05
Auken,28161,2018-02-05,2018-07-05
Auštrevičius,124766,2014-07-01,2018-07-05
Ayala Sender,28292,2014-07-01,2018-07-05
Ayuso,4319,2014-07-01,2018-07-04
Bach,97293,2014-07-01,2018-07-05
Balas,124744,2014-07-01,2018-07-05
Balczó,96877,2014-07-01,2018-07-05
Balz,96997,2014-07-01,2018-07-05
Balčytis,96680,2014-07-01,2018-07-04
Barekov,124871,2014-07-15,2018-07-04
Bashir,124956,2014-07-01,2018-07-05
Batten,28497,2014-07-01,2018-07-05
Bay,124760,2014-07-01,2018-07-05
Bayet,125002,2014-07-01,2018-07-05
Bearder,96955,2014-07-01,2018-07-05
Becerra Basterrechea,125040,2014-07-01,2018-07-05
Becker,107041,2014-07-01,2018-07-05
Beghin,124777,2014-07-01,2018-07-05
Belder,4507,2014-07-01,2018-07-05
Belet,28257,2014-07-01,2018-07-04
Bendt Bendtsen,96705,2017-10-02,2018-03-01
Bendtsen,96705,2014-07-01,2018-07-05
Benifei,124867,2014-07-01,2018-07-05
Benito Ziluaga,135490,2015-11-26,2018-07-05
Bergeron,124740,2014-07-01,2018-07-05
Bernd Lange,1909,2016-05-09,2018-03-01
Berès,1985,2014-07-01,2018-07-05
Bettini,124819,2014-07-01,2018-07-05
Beňová,23868,2017-09-11,2018-07-05
Bilbao Barandica,96922,2014-07-01,2018-07-05
Bilde,124771,2014-07-01,2018-07-05
Bizzotto,97198,2014-07-01,2018-07-05
Björk,124992,2014-07-01,2018-07-05
Blanco López,125044,2014-11-24,2018-07-05
Blinkevičiūtė,96681,2014-07-01,2018-07-05
Bocskor,124712,2014-07-01,2018-07-04
Bogdan Andrzej Zdrojewski,124893,2014-07-01,2018-03-01
Bogovič,125004,2014-07-01,2018-07-05
Bonafè,124814,2014-07-01,2018-07-05
Boni,124896,2014-11-24,2018-07-05
Borghezio,21817,2014-07-01,2018-07-05
Borrelli,124796,2014-07-01,2018-07-05
Borzan,112748,2014-07-01,2018-07-05
Bours,124964,2014-07-01,2018-07-04
Boutonnet,124753,2014-07-01,2018-07-05
Bové,96744,2014-07-01,2018-07-05
Boylan,124984,2014-07-01,2018-07-05
Boştinaru,39711,2014-07-01,2018-07-05
Boștinaru,39711,2014-11-24,2015-03-12
Bradbourn,4540,2014-07-01,2014-12-18
Brannen,124954,2014-07-01,2018-06-14
Bresso,28346,2014-07-01,2018-07-05
Briano,124787,2014-07-01,2018-07-05
Briois,124757,2014-07-01,2018-07-05
Brok,1263,2014-07-01,2018-07-04
Buchner,124818,2014-07-01,2018-07-05
Buda,125012,2014-07-01,2018-07-05
Bullmann,4267,2014-07-01,2018-07-05
Bullock,188733,2017-09-11,2018-07-05
Buonanno,124869,2014-07-01,2016-05-26
Buzek,28269,2014-07-01,2018-06-14
Buşoi,38420,2014-07-01,2018-07-05
Bușoi,38420,2014-11-24,2015-03-12
Béla Kovács,102887,2014-07-01,2018-07-05
Böge,1037,2014-07-01,2018-07-04
Bütikofer,96739,2014-07-03,2018-07-04
Cabezón Ruiz,125041,2014-07-01,2018-07-05
Cadec,96849,2014-07-01,2018-07-05
Calvet Chambon,129407,2014-11-13,2018-07-05
Campbell Bannerman,96912,2014-07-01,2018-07-05
Caputo,124851,2014-07-01,2018-07-05
Carthy,124986,2014-07-01,2018-07-05
Carver,124971,2014-07-01,2018-07-05
Casa,28122,2014-07-01,2018-07-05
Caspary,28219,2014-07-01,2018-07-05
Castaldo,124812,2014-07-01,2018-07-03
Cavada,28206,2014-07-01,2018-07-05
Ceballos,124993,2014-07-01,2015-03-12
Cesa,28451,2014-07-01,2018-07-04
Charanzová,124708,2014-07-01,2018-07-05
Chauprade,124752,2014-07-01,2018-07-05
Childers,96603,2014-07-01,2018-07-05
Chinnici,124861,2014-07-01,2018-07-05
Chountis,26851,2015-09-07,2018-07-05
Christensen,28154,2014-07-01,2018-07-05
Christoforou,26837,2014-11-13,2018-07-03
Christos Stylianides,124688,2014-09-15,2014-09-18
Chrysogonos,125061,2014-07-01,2018-07-05
Cicu,124854,2014-07-01,2018-07-03
Ciocca,183793,2016-09-12,2018-07-04
Cirio,124772,2014-07-01,2018-07-05
Claudia Schmidt,125016,2014-07-01,2018-03-01
Clune,124988,2014-07-01,2018-07-05
Coburn,124967,2014-07-01,2018-07-05
Coelho,1892,2014-07-01,2018-07-05
Cofferati,96915,2014-07-01,2018-07-05
Collin-Langen,112788,2014-07-01,2018-07-05
Collins,124955,2014-07-01,2018-07-05
Colombier,191510,2018-02-28,2018-07-05
Comi,96775,2014-07-01,2018-06-14
Comodini Cachia,124968,2014-07-01,2017-04-27
Corazza Bildt,96674,2014-07-01,2018-06-14
Corbett,2309,2014-07-01,2018-07-05
Corina Creţu,33997,2014-09-15,2014-09-18
Cornillet,4338,2017-05-31,2018-07-05
Corrao,124856,2014-07-01,2018-07-05
Costa,96917,2014-07-01,2018-03-01
Couso Permuy,125997,2014-07-16,2018-07-05
Cozzolino,96880,2014-07-01,2018-07-05
Cramer,28238,2014-07-01,2018-07-05
Creţu,33997,2014-07-01,2014-10-22
Cristea,40224,2014-07-01,2018-07-05
Crowley,2109,2014-07-03,2018-07-05
Csáky,124930,2014-07-01,2018-07-05
Czarnecki,28372,2014-07-01,2018-07-05
Czesak,132925,2015-06-24,2018-07-05
D'Amato,124835,2014-07-01,2018-07-05
D'Ornano,124750,2014-07-01,2018-07-05
Dalton,35135,2015-01-12,2018-07-05
Dalunde,183338,2016-06-07,2018-07-05
Dan Nica,124784,2018-02-05,2018-07-05
Dance,124952,2014-07-01,2018-07-05
Danjean,96747,2014-07-01,2018-07-05
Danti,124821,2014-07-01,2018-07-05
Dantin,97296,2014-07-01,2018-07-05
Dati,72775,2014-07-01,2018-07-05
David Martin,1403,2014-07-01,2018-07-05
De Backer,109337,2014-07-01,2016-04-28
De Castro,96891,2014-07-01,2018-07-05
De Masi,124858,2014-07-01,2017-07-06
De Monte,124803,2014-07-01,2018-07-05
Delahaye,124732,2014-07-01,2018-07-05
Deli,124714,2014-07-01,2018-07-05
Delli,96868,2014-07-01,2018-07-05
Delvaux,124776,2014-07-14,2018-07-05
Delvaux-Stehres,124776,2014-07-01,2014-07-03
Demesmaeker,117477,2014-07-01,2018-07-05
Demetris Papadakis,124692,2014-07-01,2018-07-05
Denanot,94282,2014-07-01,2018-05-31
Deprez,1473,2014-07-01,2018-07-05
Detjen,190799,2018-01-15,2018-07-05
Deutsch,96826,2014-07-01,2018-07-05
Deva,4556,2014-07-01,2018-06-13
Deß,28228,2014-07-01,2018-07-05
Diaconu,124805,2014-07-01,2018-06-14
Diane Dodds,96951,2014-07-01,2017-05-17
Diane James,124939,2017-05-15,2018-03-01
Didier,190774,2017-12-11,2018-07-05
Dlabajová,124709,2014-07-01,2018-07-05
Dodds,96951,2017-05-15,2018-07-05
Dohrmann,124878,2014-07-01,2018-07-05
Dombrovskis,28618,2014-07-01,2014-10-23
Dominique Martin,124751,2014-07-01,2018-07-05
Donchev,124843,2014-07-01,2014-10-23
Dorfmann,96787,2014-07-01,2018-07-05
Drăghici,124786,2014-07-01,2018-07-04
Duda,124899,2014-07-01,2015-04-29
Duncan,124960,2014-07-01,2017-06-15
Durand,124693,2014-07-01,2018-07-05
Dzhambazki,124873,2014-07-01,2018-07-05
Díaz de Mera García Consuegra,28397,2014-07-01,2018-07-05
Dăncilă,95281,2014-07-01,2017-12-14
Echenique,125036,2014-07-03,2015-03-12
Echenique Robba,125036,2014-07-01,2014-07-02
Eck,124863,2014-07-01,2018-07-05
Edouard Martin,124947,2014-07-01,2018-07-05
Ehler,28226,2014-07-01,2018-07-05
Eickhout,96725,2014-07-01,2018-07-05
Elisa Ferreira,28308,2014-07-01,2016-06-09
Elissen,188445,2017-07-03,2018-07-05
Elsi Katainen,191693,2018-03-01,2018-07-05
Emil Radev,124850,2017-10-23,2018-07-04
Engel,96876,2014-07-01,2018-07-05
Engström,128588,2014-10-20,2018-06-14
Epitideios,125071,2014-07-01,2018-07-05
Erdős,124711,2014-07-01,2018-07-05
Eriksson,124937,2014-07-01,2016-05-11
Ernst,96852,2014-07-01,2018-07-05
Ertug,96842,2014-07-01,2018-07-05
Estaràs Ferragut,96811,2014-07-01,2018-07-03
Etheridge,124951,2014-07-01,2018-07-03
Evans,4550,2014-07-01,2018-03-01
Evi,124779,2014-07-01,2018-07-05
Fajon,96911,2014-07-01,2018-07-05
Farage,4525,2014-07-01,2018-07-03
Faria,125101,2014-07-01,2018-07-05
Federley,124989,2014-07-01,2018-07-05
Ferber,1917,2014-07-01,2018-07-05
Fernandes,96899,2014-07-01,2018-07-05
Fernández,125046,2014-07-03,2018-07-05
Fernández Álvarez,125046,2014-07-01,2014-07-02
Ferrand,124767,2014-07-01,2017-12-14
Ferrandino,192634,2018-04-17,2018-07-05
Ferrara,124833,2014-07-01,2018-07-05
Ferreira,96706,2016-05-12,2018-07-05
Finch,124941,2014-07-01,2018-07-05
Fisas Ayxelà,96729,2014-07-01,2018-07-04
Fitto,4465,2014-07-01,2018-07-04
Fjellner,28126,2014-07-01,2018-07-04
Flack,188623,2017-07-03,2018-07-05
Flanagan,124985,2014-07-01,2018-07-05
Flašíková Beňová,23868,2014-07-01,2017-07-06
Fleckenstein,96840,2014-07-01,2018-07-05
Florenz,1038,2014-07-01,2018-07-04
Fontana,96993,2014-07-15,2018-03-15
Ford,96949,2014-07-01,2017-05-17
Forenza,125193,2014-07-01,2018-06-14
Foster,4553,2014-07-01,2018-07-05
Fotyga,28353,2014-07-01,2018-07-05
Fountoulis,125070,2014-07-01,2018-07-05
Fox,96957,2014-07-01,2018-07-03
Franz,193273,2018-07-03,2018-07-05
Freund,125018,2014-07-01,2018-07-05
Frunzulică,124790,2014-07-01,2018-07-05
GOSIEWSKA,124900,2014-07-01,2014-07-03
Gabelic,192465,2018-04-16,2018-07-05
Gahler,2341,2014-07-01,2018-07-05
Gambús,125006,2014-07-01,2018-07-05
García Pérez,28298,2014-07-01,2018-07-05
Gardiazabal Rubial,96991,2014-07-01,2018-07-05
Gardini,58758,2014-07-01,2018-07-05
Gasbarra,124817,2014-07-01,2018-07-05
Gebhardt,1913,2014-07-01,2018-07-05
Geier,96833,2014-07-01,2018-07-05
Gentile,124847,2014-07-01,2018-07-05
Georg Mayer,38511,2016-09-12,2018-07-04
Gerbrandy,96940,2014-07-01,2018-06-14
Gericke,124815,2014-07-01,2018-07-05
Geringer de Oedenberg,28377,2014-07-01,2018-07-05
Giegold,96730,2014-07-01,2018-07-05
Gierek,28379,2014-07-01,2018-07-05
Gieseke,124807,2014-07-01,2018-07-05
Gill,124965,2017-02-01,2017-03-15
Gill CBE,4533,2017-02-01,2017-03-15
Giménez Barbat,135491,2015-12-14,2018-07-05
Girauta Vidal,125052,2014-07-01,2015-11-26
Girling,96956,2014-07-01,2018-07-05
Giuffrida,124864,2014-07-01,2018-07-05
Glezos,1654,2014-07-01,2015-07-07
Gloanec Maurin,193080,2018-06-11,2018-07-05
Goddyn,21331,2014-07-01,2018-07-05
Goerens,840,2014-07-01,2018-07-05
Gollnisch,1164,2014-07-01,2018-07-05
Gomes,28306,2014-07-01,2018-07-05
González Peñas,127330,2014-09-15,2018-07-05
González Pons,125027,2014-07-01,2018-07-04
Gosiewska,124900,2014-07-14,2018-07-05
Goulard,97137,2014-07-01,2017-04-26
Grammatikakis,125112,2014-07-01,2018-07-05
Grapini,124785,2014-07-01,2018-07-05
Graswander-Hainz,133316,2015-09-07,2018-07-05
Griesbeck,28208,2014-07-01,2018-07-05
Griffin,124961,2014-07-01,2018-07-05
Grigule,124745,2014-07-01,2017-07-06
Grigule-Pēterse,124745,2017-09-11,2018-07-05
Groote,34728,2014-07-01,2016-10-26
Grossetête,2025,2014-07-01,2018-07-05
Grzyb,23785,2014-07-01,2018-07-05
Gräßle,28220,2014-07-01,2018-07-05
Gróbarczyk,96790,2014-07-01,2015-10-29
Gualtieri,96892,2014-07-01,2018-07-05
Guerrero Salom,96768,2014-07-01,2018-07-05
Guillaume,96952,2014-07-01,2018-07-05
Guoga,124763,2014-07-01,2018-06-14
Guteland,124991,2014-07-01,2018-07-05
Gutiérrez Prieto,103488,2014-07-01,2018-07-05
Gyürk,23816,2014-07-01,2018-07-04
Gál,28150,2014-07-01,2018-07-05
Gáll-Pelcz,102886,2014-07-01,2017-07-06
Hadjigeorgiou,96907,2014-07-01,2018-07-05
Halla-aho,124727,2014-07-01,2018-07-05
Hannan,4555,2014-07-01,2018-07-04
Harkin,28116,2014-07-01,2018-07-05
Harms,28233,2015-05-19,2018-07-05
Hautala,2054,2014-07-01,2018-07-05
Hayes,118658,2014-07-01,2018-07-05
Hazekamp,125023,2014-07-01,2018-07-05
Hedh,28131,2014-07-01,2018-06-13
Hellvig,37448,2014-07-14,2015-02-12
Helmer,4516,2014-07-01,2017-07-06
Henkel,124823,2014-07-01,2018-07-05
Hermann Winkler,96764,2014-07-01,2018-07-05
Herranz García,22418,2014-07-01,2018-07-04
Hetman,124895,2014-07-01,2018-07-05
Heubuch,124848,2014-07-01,2018-07-04
Hirsch,96872,2018-02-05,2018-07-05
Hoc,135540,2015-12-02,2018-07-05
Hoffmann,124841,2018-03-12,2018-07-05
Hohlmeier,96780,2014-07-01,2018-07-05
Honeyball,5846,2014-07-01,2018-07-05
Hookem,124957,2014-07-01,2018-07-05
Hortefeux,5565,2014-07-01,2018-07-05
Howarth,188636,2017-07-04,2018-07-05
Howitt,2073,2014-07-01,2016-10-26
Hudghton,2338,2014-07-01,2018-06-14
Huitema,58789,2014-07-01,2018-07-05
Hyusmenova,34249,2014-07-01,2018-07-05
Händel,96851,2014-07-01,2018-07-05
Häusling,96752,2014-07-01,2018-07-04
Hökmark,28124,2014-07-01,2018-07-05
Hölvényi,124715,2014-07-01,2018-07-05
Hübner,96779,2014-07-01,2018-07-05
Ide,125108,2014-07-01,2014-12-16
Iglesias,125031,2014-07-03,2015-10-27
Iglesias Turrión,125031,2014-07-01,2014-07-02
Iotova,38605,2014-07-01,2016-12-15
Iris Hoffmann,124841,2014-07-01,2017-12-14
Iturgaiz,28398,2014-11-12,2018-07-04
Iuliu Winkler,39725,2014-07-01,2018-07-05
Ivan,96857,2014-07-01,2018-07-04
Iwaszkiewicz,124886,2014-07-01,2018-06-14
Jaakonsaari,96684,2014-07-01,2018-07-05
Jackiewicz,124882,2014-07-01,2015-11-11
Jadot,96740,2014-07-01,2018-07-05
Jahr,96772,2014-07-01,2018-07-05
Jakovčić,124754,2014-07-01,2018-07-05
Jalkh,124770,2014-07-01,2018-07-05
James,124939,2014-07-01,2018-07-05
Jamet,189065,2017-09-12,2018-07-05
Jan Keller,124695,2014-07-01,2018-07-05
Jana Žitňanská,124901,2016-05-09,2018-03-01
Jansen,125029,2014-07-01,2015-04-30
Jazłowiecka,96781,2014-07-01,2018-07-05
Jean-Marie Le Pen,1023,2014-07-01,2017-07-06
Ježek,124707,2014-07-01,2018-07-05
Jill Evans,4550,2018-02-05,2018-07-05
Jiménez Villarejo,125034,2014-07-01,2014-07-17
Jiménez-Becerril Barrio,96806,2014-07-01,2018-07-04
Jiří Pospíšil,23845,2014-07-01,2014-07-03
Joly,96883,2014-07-01,2018-07-05
Jongerius,125021,2014-07-01,2018-07-05
José Blanco López,125044,2014-07-02,2014-11-13
Joulaud,124728,2014-07-01,2018-07-05
João Ferreira,96706,2014-07-01,2016-05-11
Juaristi Abaunz,125051,2014-07-01,2018-02-08
Jurek,124892,2014-07-01,2018-07-05
Juvin,96884,2014-07-01,2018-07-05
Járóka,28141,2017-10-03,2018-07-05
Jáuregui Atondo,97078,2014-07-01,2018-07-05
Jávor,124721,2014-07-01,2018-07-05
Jäätteenmäki,28314,2014-07-01,2018-07-05
Kadenbach,97014,2014-07-01,2018-07-05
Kaili,125109,2014-07-01,2018-07-05
Kaja Kallas,124697,2014-07-02,2018-03-01
Kalinowski,96771,2014-07-01,2018-07-05
Kallas,124697,2018-02-05,2018-07-05
Kalniete,96934,2014-07-01,2018-07-05
Kamall,33569,2014-07-01,2015-12-02
Kammerevert,96837,2014-07-01,2018-07-05
Kappel,125024,2014-07-01,2018-07-05
Karas,4246,2014-07-01,2018-07-05
Kari,122885,2014-07-01,2018-07-05
Karim,28481,2014-07-01,2018-07-05
Kariņš,96901,2014-07-01,2018-06-14
Karlsson,124876,2018-02-05,2018-07-05
Karski,124887,2014-07-01,2018-07-05
Katrougalos,125062,2014-07-01,2014-07-02
Katrougkalos,125062,2014-07-03,2015-01-15
Kaufmann,1849,2014-07-01,2018-07-05
Kefalogiannis,125068,2014-07-01,2018-07-05
Kelam,28424,2014-07-01,2018-07-05
Kelly,96668,2014-07-01,2018-07-05
Khan,124962,2014-07-01,2017-04-27
Khan,188624,2017-07-03,2018-07-05
Kirkhope,4542,2014-07-01,2016-10-05
Kirton-Darling,124953,2014-07-01,2018-06-14
Klinz,28244,2017-11-15,2018-07-05
Koch,1852,2014-07-01,2018-07-05
Kofod,124870,2014-07-01,2018-07-05
Kohlíček,28331,2016-02-24,2018-07-05
Kohn,186884,2017-03-01,2018-07-05
Konečná,23699,2014-07-01,2018-07-05
Konstantinos Papadakis,125093,2014-07-01,2018-07-05
Korwin-Mikke,124879,2014-07-01,2018-03-01
Kostadinka Kuneva,125092,2014-07-01,2018-03-01
Kouloglou,130833,2015-02-11,2018-07-05
Kouroumbashev,124857,2017-01-17,2018-07-05
Kovatchev,97968,2014-07-01,2018-07-05
Kozłowska-Rajewicz,124889,2014-07-01,2018-07-05
Krasnodębski,124891,2014-07-01,2018-07-04
Krehl,1854,2014-07-01,2018-07-05
Krupa,28334,2016-07-04,2018-07-05
Kudrycka,28284,2014-07-01,2018-07-05
Kuhn,96767,2014-07-01,2018-07-05
Kukan,96651,2014-07-01,2018-07-05
Kumpula-Natri,124735,2014-07-01,2018-07-05
Kuneva,125092,2018-03-12,2018-07-05
Kuźmiuk,28389,2014-07-01,2018-07-05
Kyenge,124801,2014-07-01,2018-07-05
Kyllönen,124736,2014-07-01,2018-07-05
Kyrkos,125113,2014-07-01,2018-07-05
Kyrtsos,125063,2014-07-01,2018-07-05
Kyuchyuk,124866,2014-07-01,2018-07-05
Kósa,96829,2014-07-01,2018-07-05
Kölmel,124824,2014-07-01,2018-07-05
Köster,124822,2014-07-01,2018-07-05
Köstinger,96882,2014-07-01,2017-10-24
Kłosowski,135541,2015-12-02,2018-07-05
La Via,96816,2014-07-01,2018-07-05
Lalonde,188254,2017-06-01,2018-07-05
Lamassoure,1204,2014-07-01,2018-07-05
Lambert,4531,2014-07-01,2018-07-05
Lamberts,96648,2014-07-01,2017-11-30
Lambsdorff,28242,2014-07-01,2017-10-04
Lancini,192635,2018-04-18,2018-07-05
Landsbergis,124759,2014-07-01,2016-05-12
Lange,1909,2014-07-01,2018-07-05
Langen,1928,2014-07-01,2018-07-05
Lauristin,124698,2014-07-01,2017-10-26
Lavrilleux,124731,2014-07-01,2018-07-05
Le Grip,101580,2014-07-01,2017-06-14
Le Hyaric,96735,2014-07-01,2018-07-05
Le Pen,1023,2017-09-11,2018-05-30
Lebreton,124738,2014-07-01,2018-07-05
Lechevalier,188718,2017-09-11,2018-07-05
Legutko,96796,2014-07-01,2017-12-13
Leichtfried,28251,2014-07-01,2015-06-09
Leinen,4262,2014-07-01,2018-07-05
Lenaers,95074,2014-07-01,2018-07-04
Lewandowski,23781,2014-07-01,2018-07-05
Lewer,124943,2014-07-01,2017-04-27
Liberadzki,23768,2014-07-01,2018-07-05
Liese,1927,2014-07-01,2018-07-05
Lietz,124839,2014-07-01,2018-07-05
Liliana Rodrigues,125099,2014-07-01,2018-07-05
Lins,124808,2014-07-01,2018-07-05
Lochbihler,96728,2014-07-01,2018-07-05
Loiseau,125684,2014-07-15,2018-07-05
Loones,128717,2014-10-21,2018-07-05
Lope Fontagné,96765,2014-07-01,2018-07-04
Louis Michel,96670,2017-02-13,2018-03-01
Lucke,124820,2014-07-01,2018-07-05
Lucy Anderson,124949,2014-07-01,2018-07-05
Ludvigsson,96673,2014-07-01,2018-07-05
Lunacek,97017,2014-07-01,2017-10-25
Lundgren,124996,2014-07-01,2018-07-05
López,125042,2014-07-15,2018-06-14
López,125047,2014-07-03,2014-07-03
López Aguilar,96812,2014-07-01,2018-07-05
López Bermejo,125047,2014-07-01,2018-07-05
López Fernández,125042,2014-07-01,2014-07-03
López-Istúriz White,28399,2014-07-01,2018-07-05
Lösing,96854,2014-07-01,2018-07-05
Lövin,96675,2014-07-01,2014-09-18
Løkkegaard,96709,2016-04-11,2018-07-05
Mach,84175,2014-07-01,2017-07-06
Macovei,96824,2014-07-01,2018-07-05
Maeijer,97513,2014-07-01,2017-03-15
Maletić,119436,2014-07-01,2018-07-05
Malinov,111027,2014-07-01,2018-07-05
Maltese,125192,2014-07-01,2018-07-04
Mamikins,124746,2014-07-01,2018-07-05
Mandl,190713,2017-12-11,2018-07-05
Manfred Weber,28229,2014-07-01,2018-04-18
Mann,1922,2014-07-01,2018-07-05
Manscour,124725,2014-07-01,2018-06-14
Maragall,124933,2014-07-01,2016-12-15
Marcellesi,26146,2016-10-24,2018-07-05
Margrete Auken,28161,2014-07-01,2018-03-01
Maria João Rodrigues,124737,2014-07-01,2018-07-05
Marianne Thyssen,1832,2014-09-15,2014-09-17
Marias,125069,2014-07-01,2018-07-05
Marine Le Pen,28210,2014-07-01,2017-01-16
Marinescu,33982,2014-07-01,2018-07-05
Marinho e Pinto,124742,2014-07-01,2018-07-05
Mariya Gabriel,96848,2014-07-01,2017-07-06
Marlene Mizzi,118858,2016-09-12,2018-03-01
Martina Anderson,113959,2014-07-01,2018-07-05
Martusciello,124828,2014-07-01,2018-07-05
Marusik,124894,2014-07-01,2018-07-05
Matera,96813,2014-07-01,2018-07-05
Matias,96820,2014-07-01,2018-07-05
Mato,96936,2014-07-03,2018-07-04
Mato Adrover,96936,2014-07-01,2014-07-02
Matthews,188622,2017-07-03,2018-07-05
Maullu,133326,2015-09-07,2018-07-05
Maura Barandiarán,125039,2014-07-01,2015-11-11
Maurel,24505,2014-07-01,2018-07-05
Maurizio Enzo Lupi,124782,2014-07-02,2014-07-03
Mavrides,124691,2014-07-01,2018-07-05
Maydell,98341,2017-02-01,2018-07-05
Mayer,38511,2014-07-01,2016-12-15
Mayer,185637,2016-11-30,2016-12-15
Mazuronis,124768,2014-07-15,2018-07-05
Maňka,28192,2014-07-01,2018-07-05
Maštálka,23704,2014-07-01,2018-06-14
McAllister,124806,2014-07-01,2018-07-05
McAvan,2327,2014-07-01,2018-07-05
McClarkin,96919,2014-07-01,2018-07-05
McGuinness,28115,2014-07-01,2018-07-04
McIntyre,111011,2014-07-01,2018-07-05
Meissner,96870,2014-07-01,2018-07-05
Melior,124838,2014-07-01,2018-07-05
Melo,96978,2014-07-01,2018-07-04
Messerschmidt,96663,2014-07-01,2018-07-05
Meszerics,124720,2014-07-01,2018-07-05
Metsola,118859,2014-07-01,2018-07-05
Metz,193292,2018-07-02,2018-07-05
Meuthen,190518,2017-12-11,2018-07-05
Michał Boni,124896,2014-07-01,2014-11-13
Michel,96670,2014-07-01,2018-07-05
Michels,120478,2014-07-01,2018-07-05
Miguel Arias Cañete,1351,2014-07-01,2014-10-23
Mihaylova,125128,2014-07-01,2018-07-05
Mikolášik,28178,2014-07-01,2018-07-05
Millán Mon,28400,2014-07-01,2018-07-05
Mineur,125037,2014-07-01,2018-07-05
Miranda,24942,2018-02-28,2018-06-14
Miriam Dalli,124970,2014-07-01,2018-07-05
Mitrofanovs,191695,2018-03-12,2018-07-05
Mizzi,118858,2014-07-01,2018-07-05
Mlinar,125026,2014-07-01,2018-06-14
Mobarik,189391,2017-09-11,2018-07-05
Moi,124859,2014-07-01,2018-07-05
Moisă,124789,2014-07-01,2018-07-05
Molnár,124722,2014-07-01,2018-07-05
Monot,124761,2014-07-01,2018-07-05
Monteiro de Aguiar,124734,2014-07-01,2018-07-05
Montel,124769,2014-07-01,2018-07-05
Moody,124944,2014-07-01,2018-07-05
Moraes,4519,2014-07-01,2018-06-14
Morano,72779,2014-07-01,2018-07-05
Moretti,124799,2014-07-01,2014-12-18
Morgano,124788,2014-07-01,2018-07-05
Morin-Chartier,38596,2014-07-01,2018-07-05
Morvai,96661,2014-07-01,2018-07-05
Mosca,124868,2014-07-01,2018-07-04
Mureşan,124802,2014-07-03,2018-07-05
Mureșan,124802,2014-07-01,2015-03-12
Muselier,124729,2014-07-01,2018-07-04
Mussolini,28429,2014-07-01,2018-07-04
Mélenchon,96742,2014-07-01,2017-03-16
Mélin,124765,2014-07-01,2018-07-05
Müller,124862,2014-07-01,2018-07-05
Mănescu,39717,2014-07-01,2018-07-04
Nadja Hirsch,96872,2017-11-30,2018-03-01
Nadja Yvonne Hirsch,96872,2017-11-15,2017-11-29
Nagtegaal,190519,2017-11-30,2018-07-05
Nagtegaal-van Doorn,190519,2017-11-15,2017-11-29
Nagy,124926,2014-07-01,2018-07-05
Nart,125005,2014-07-01,2018-07-05
Nathan Gill,124965,2014-07-01,2018-07-05
Neena Gill,4533,2014-07-01,2018-07-05
Negrescu,88882,2014-07-01,2017-07-03
Nekov,125013,2014-07-01,2018-07-05
Neuser,96844,2014-07-01,2018-07-05
Neyts-Uyttebroeck,1946,2014-07-01,2014-12-18
Nica,124784,2014-07-01,2018-03-01
Nicholson,1318,2014-07-02,2018-07-05
Nicolai,96825,2014-07-01,2018-07-04
Niebler,4289,2014-07-01,2018-07-05
Niedermayer,124701,2014-07-01,2018-07-05
Niedermüller,124723,2014-07-01,2018-07-05
Nilsson,111024,2014-07-01,2018-03-13
Noichl,124836,2014-07-01,2018-07-05
Novakov,107212,2014-12-15,2018-07-05
Nuttall,96805,2014-07-01,2018-07-04
Ní Riada,124987,2014-07-01,2018-07-05
O'Flynn,124940,2014-07-01,2018-07-05
Obermayr,96981,2014-07-01,2018-07-05
Olbrycht,28288,2014-07-01,2018-07-05
Olli Rehn,2119,2014-07-01,2015-02-25
Omarjee,30482,2014-07-01,2018-07-05
Ożóg,124897,2014-07-01,2018-07-05
Paavo Väyrynen,2128,2014-07-01,2018-05-30
Pabriks,124743,2014-07-01,2018-07-05
Padar,97025,2017-11-13,2018-07-05
Paet,129073,2014-11-12,2018-07-05
Pagazaurtundúa Ruiz,125038,2014-07-01,2018-07-05
Paksas,96694,2014-07-15,2018-07-04
Palmer,190099,2017-10-23,2018-07-05
Panzeri,28365,2014-07-01,2018-07-05
Paolucci,124849,2014-07-02,2018-07-05
Papadimoulis,28586,2014-07-01,2018-07-05
Pargneaux,96948,2014-07-01,2018-07-05
Parker,124945,2014-07-01,2018-07-05
Patriciello,36392,2014-07-01,2018-07-04
Paulsen,4270,2014-07-01,2015-09-17
Paunova,98341,2014-07-01,2017-01-19
Pavel,129256,2014-11-24,2018-07-05
Pavel Svoboda,96272,2014-07-01,2018-02-28
Payne,189507,2017-10-02,2018-07-05
Paşcu,33984,2014-07-01,2018-07-04
Pașcu,33984,2014-11-24,2015-03-12
Pedicini,124844,2014-07-01,2018-07-05
Pedro Silva Pereira,124747,2014-07-01,2014-11-13
Peillon,28166,2014-07-01,2018-07-05
Peter Simon,96836,2014-07-01,2018-07-05
Peterle,23693,2014-07-01,2018-07-05
Petersen,124872,2014-07-01,2018-07-05
Petir,124749,2014-07-01,2018-07-05
Philippot,110977,2014-07-01,2018-07-05
Picierno,124846,2014-07-01,2018-07-05
Picula,112744,2014-07-01,2018-07-05
Piecha,124874,2014-07-01,2018-07-05
Pieper,28224,2014-07-01,2018-07-05
Pietikäinen,40599,2014-07-01,2018-07-05
Pimenta Lopes,136236,2016-02-01,2018-07-05
Piotrowski,28341,2014-07-01,2018-07-05
Piri,37229,2014-07-01,2018-07-05
Pirinski,124855,2014-07-01,2018-07-05
Pitera,124898,2014-07-01,2018-07-05
Pittella,4436,2014-07-01,2017-11-29
Plenković,112755,2014-11-24,2016-09-15
Plura,124881,2014-07-01,2018-07-05
Poc,96715,2014-07-01,2018-07-05
Poche,124699,2014-07-01,2018-07-04
Pogliese,124853,2014-07-01,2018-05-03
Polčák,124704,2014-07-01,2018-07-05
Ponga,96931,2014-07-01,2018-07-05
Popa,189490,2017-10-02,2018-07-05
Poręba,96801,2014-07-01,2018-07-05
Pospíšil,125706,2014-07-14,2018-07-05
Post,124997,2014-07-01,2018-07-05
Pothain,124762,2014-07-03,2014-07-03
Preda,96838,2014-07-01,2018-07-05
Pretzell,124830,2014-07-01,2018-07-05
Preuß,124888,2014-07-01,2018-07-05
Procter,185628,2016-11-30,2018-07-05
Proust,108080,2014-07-01,2018-07-05
Punset,90110,2016-02-25,2018-07-05
Quisthoudt-Rowohl,1055,2014-07-01,2018-07-05
Radev,124850,2014-07-01,2017-11-16
Radoš,112753,2014-07-01,2018-07-05
Radtke,188945,2017-09-11,2018-07-05
Rangel,96903,2014-07-01,2018-07-05
Ransdorf,23706,2014-07-01,2016-01-21
Rebega,124792,2014-07-01,2018-07-05
Reda,124816,2014-07-01,2018-07-05
Reding,1185,2018-02-06,2018-07-05
Regner,96998,2014-07-01,2018-07-05
Reid,106202,2014-07-01,2018-07-05
Reimon,124935,2014-07-01,2018-07-05
Reintke,103381,2014-07-01,2018-07-05
Renate Weber,39713,2014-07-01,2018-07-05
Reul,28225,2014-07-01,2017-06-15
Revault D'Allonnes Bonnefoy,124287,2014-07-02,2017-07-06
Revault d'Allonnes Bonnefoy,124287,2017-09-11,2018-07-05
Ribeiro,124733,2014-07-01,2018-07-05
Ries,4253,2014-07-01,2018-07-05
Rikke Karlsson,124876,2014-07-01,2017-12-14
Rikke-Louise Karlsson,124876,2017-12-11,2018-03-01
Riquet,96885,2014-07-01,2018-07-05
Rivasi,96743,2014-07-01,2018-07-05
Rochefort,97022,2014-07-01,2018-07-05
Rodriguez-Rubio,125033,2014-07-14,2015-02-12
Rodriguez-Rubio Vázquez,125033,2014-07-01,2014-07-03
Rodríguez-Piñero Fernández,125043,2014-07-01,2018-07-05
Rodust,93624,2014-07-01,2018-07-05
Rohde,96710,2014-07-01,2018-07-05
Rolin,125107,2014-07-01,2018-07-05
Ropé,125214,2014-07-01,2014-07-03
Ropė,125214,2014-07-14,2018-07-05
Rosati,28394,2014-07-01,2018-07-05
Rozière,103845,2014-07-01,2018-07-05
Ruas,124730,2014-07-01,2018-07-05
Ruohonen-Lerner,132366,2015-05-18,2018-07-05
Rübig,2278,2014-07-01,2018-07-05
Sakorafa,125091,2014-07-01,2018-07-05
Salafranca Sánchez-Neyra,2002,2017-01-16,2018-07-04
Salini,125670,2014-07-14,2018-07-05
Salvini,28404,2014-07-01,2018-03-13
Sander,24594,2014-07-01,2018-07-05
Sant,124781,2014-07-01,2018-07-05
Sargentini,96815,2014-07-01,2018-07-04
Sarvamaa,112611,2014-07-01,2018-07-04
Saryusz-Wolski,28297,2014-07-01,2018-07-05
Sassoli,96864,2014-07-01,2018-07-05
Saudargas,96696,2014-07-01,2018-07-05
Saïfi,4345,2014-07-01,2018-07-05
Schaake,96945,2014-07-01,2018-07-05
Schaffhauser,124755,2014-07-01,2018-07-05
Schaldemose,37312,2014-07-01,2018-07-05
Schirdewan,190517,2017-11-16,2018-07-05
Schlein,124804,2014-07-01,2018-07-05
Schmidt,125016,2018-02-05,2018-07-05
Scholz,96646,2014-07-01,2018-07-05
Schreijer-Pierik,125030,2014-07-01,2018-07-05
Schulz,1911,2014-07-01,2017-01-18
Schulze,124809,2014-07-01,2018-07-05
Schuster,124837,2014-07-01,2018-07-05
Schwab,28223,2014-07-01,2018-07-05
Schöpflin,28135,2014-07-01,2018-07-05
Scott Cato,124942,2014-07-01,2018-07-05
Scottà,96996,2018-05-02,2018-07-05
Sebastià,125053,2014-07-03,2016-10-06
Sebastià Talavera,125053,2014-07-01,2014-07-02
Sehnalová,96718,2014-07-01,2018-07-05
Selimovic,134243,2015-10-05,2018-07-05
Senra Rodríguez,125049,2014-07-01,2018-07-04
Sernagiotto,124794,2014-07-01,2018-07-05
Serrão Santos,124741,2014-07-01,2018-07-05
Seymour,124950,2014-07-01,2018-06-14
Siekierski,23787,2014-07-01,2018-07-05
Silva Pereira,124747,2014-11-24,2018-07-05
Silvia Costa,96917,2018-02-05,2018-07-05
Sion Simon,124948,2014-07-01,2014-07-03
Sippel,96932,2014-07-01,2018-07-05
Siôn Simon,124948,2014-07-15,2018-07-05
Ska Keller,96734,2014-07-01,2018-07-05
Smith,28508,2014-07-01,2018-07-05
Smolková,96655,2014-07-01,2018-07-05
Solé,185974,2017-01-16,2018-07-05
Sommer,4282,2014-07-01,2018-07-05
Sonneborn,124834,2014-07-01,2018-07-05
Soru,124860,2014-07-01,2018-05-30
Sosa Wagner,97170,2014-07-01,2014-09-18
Sośnierz,192298,2018-04-16,2018-07-05
Spinelli,124810,2014-07-01,2018-07-05
Spyraki,125064,2014-07-01,2018-07-04
Staes,4751,2014-07-01,2018-07-05
Stanishev,124852,2014-07-14,2018-07-04
Starbatty,124827,2014-07-01,2018-07-05
Steinruck,96831,2014-07-01,2017-12-14
Stevens,125105,2014-07-01,2018-07-05
Stier,119435,2014-07-01,2016-09-15
Stihler,4545,2014-07-01,2018-07-05
Stolojan,39721,2014-07-01,2018-07-05
Stuger,125028,2014-07-01,2018-07-05
Stylianides,124688,2014-07-01,2014-10-23
Sulík,124928,2014-07-01,2018-07-05
Svoboda,96272,2018-02-05,2018-07-05
Swinburne,96920,2014-07-01,2018-07-05
Sylikiotis,124689,2014-07-01,2018-07-05
Synadinos,125072,2014-07-01,2018-07-03
Szanyi,124703,2014-07-01,2018-07-05
Szejnfeld,124890,2014-07-01,2018-07-05
Szájer,23821,2014-07-01,2018-07-05
Sánchez Caldentey,125035,2014-07-01,2018-07-05
Sârbu,33989,2014-07-01,2018-07-05
Sógor,39724,2014-07-01,2018-07-05
Tajani,2187,2014-07-01,2018-07-05
Takkula,28316,2015-04-29,2018-02-28
Tamburrano,124813,2014-07-01,2018-07-05
Tang,125020,2014-07-01,2018-07-04
Tannock,4521,2014-07-01,2018-07-05
Tapardel,124793,2014-07-01,2016-05-11
Tarabella,29579,2014-07-01,2018-07-05
Tarand,97136,2014-07-01,2018-07-05
Taylor,102931,2014-07-01,2018-07-05
Telička,124706,2014-07-01,2018-07-05
Terho,107385,2014-07-01,2015-03-12
Terricabras,124932,2014-07-01,2018-07-05
Theocharous,25704,2014-07-01,2018-07-05
Theurer,96871,2014-07-01,2017-10-04
Thomas,114279,2014-07-01,2018-07-05
Thun und Hohenstein,96776,2014-07-01,2018-07-05
Thyssen,1832,2014-07-01,2014-10-22
Toia,28340,2014-07-01,2018-07-05
Tolić,185340,2016-11-21,2018-07-05
Tomaševski,96697,2014-07-01,2018-07-05
Tomašić,119431,2014-07-01,2018-07-05
Tomc,125104,2014-07-01,2018-07-05
Toom,124700,2014-07-01,2018-07-04
Torres Martínez,131749,2015-03-25,2018-07-05
Torvalds,114268,2014-07-01,2018-07-05
Tosi,124795,2014-07-01,2014-07-03
Toti,124764,2014-07-01,2015-04-29
Tošenovský,96713,2014-07-01,2018-07-05
Trebesius,124829,2014-07-01,2018-07-05
Tremosa i Balcells,97203,2014-07-01,2018-07-05
Troszczynski,124758,2014-07-01,2018-07-05
Trüpel,28240,2014-07-01,2018-07-05
Turmes,4432,2014-07-01,2018-06-14
Tørnæs,124880,2014-07-14,2016-02-25
Tănăsescu,96847,2014-07-01,2018-07-05
Tőkés,39726,2014-07-01,2018-07-05
Ujazdowski,23791,2014-07-01,2018-07-05
Ujhelyi,124705,2014-07-01,2018-07-05
Ulvskog,96672,2014-07-01,2018-07-05
Ungureanu,96835,2014-07-01,2018-07-05
Urbán Crespo,131507,2015-03-09,2018-06-14
Urtasun,124972,2014-07-01,2018-07-05
Urutchev,38601,2014-07-01,2018-07-05
Uspaskich,96698,2014-07-01,2018-07-05
Vaidere,28617,2014-11-12,2018-07-05
Vajgl,97019,2014-07-01,2018-07-05
Valcárcel,125032,2014-07-03,2015-01-15
Valcárcel Siso,125032,2014-07-01,2018-07-05
Valdis Dombrovskis,28618,2014-09-15,2014-09-18
Valenciano,4334,2014-11-24,2018-07-05
Valenciano Martínez-Orozco,4334,2014-07-01,2014-11-13
Valentinas Mazuronis,124768,2014-07-01,2014-07-03
Valero,124993,2015-01-14,2018-07-05
Valli,124778,2014-07-01,2018-07-05
Vallina,125050,2014-07-01,2018-07-05
Van Bossuyt,117491,2015-01-13,2018-07-05
Van Brempt,5729,2014-07-01,2018-07-05
Van Orden,4513,2014-07-01,2018-07-04
Van Overtveldt,125106,2014-07-01,2014-07-17
Vana,124934,2014-07-01,2018-07-05
Vandenkendelaere,129164,2014-11-12,2018-07-05
Vaughan,96918,2014-07-01,2018-07-05
Vautmans,130100,2015-01-12,2018-07-05
Vehkaperä,193269,2018-06-14,2018-07-05
Vergiat,96858,2014-07-01,2018-07-05
Verheyen,96756,2014-07-01,2018-07-05
Verhofstadt,97058,2017-07-05,2018-06-14
Viegas,125100,2014-07-01,2018-07-05
Vieu,188721,2017-09-11,2018-07-05
Vilimsky,125001,2014-07-01,2018-07-05
Viotti,124791,2014-07-01,2018-07-05
Virkkunen,124726,2014-07-01,2018-07-05
Vistisen,124875,2014-07-01,2018-07-05
Viviane Reding,1185,2014-07-01,2018-03-01
Voigt,124832,2014-07-01,2018-07-05
Voss,96761,2014-07-01,2018-07-05
Vozemberg,125065,2014-07-01,2015-11-11
Vozemberg-Vrionidi,125065,2015-11-24,2018-07-05
Vălean,37324,2014-07-01,2018-07-05
Waitz,190464,2017-11-13,2018-07-05
Ward,124963,2014-07-01,2018-07-05
Wałęsa,96774,2014-07-01,2018-05-31
Weidenholzer,111014,2014-07-01,2018-07-04
Wenta,124903,2014-07-01,2018-07-05
Werner,124826,2014-07-01,2018-07-05
Westphal,96839,2014-07-01,2018-07-05
Wieland,2323,2014-07-01,2018-07-05
Wierinck,183022,2016-05-09,2018-07-05
Wikström,96677,2014-07-01,2018-07-05
Willmott,35743,2014-07-01,2017-09-14
Winberg,124995,2014-07-01,2018-07-05
Wiśniewska,124877,2014-07-01,2018-07-05
Wojciechowski,23784,2014-07-01,2016-04-28
Woolfe,124966,2014-07-01,2018-07-05
Wölken,185619,2016-11-21,2018-07-05
Zagorakis,125067,2014-07-01,2018-05-31
Zahradil,23712,2014-07-01,2018-07-04
Zala,96656,2014-07-01,2018-07-05
Zalba Bidegain,96763,2014-07-01,2016-10-26
Zammit Dimech,188906,2017-09-11,2018-07-05
Zanni,124780,2014-07-01,2018-07-04
Zanonato,124800,2014-07-01,2018-07-05
Zarianopoulos,125090,2014-07-01,2018-07-05
Zdechovský,124713,2014-07-01,2018-07-05
Zdrojewski,124893,2018-02-05,2018-07-05
Zeller,96762,2014-07-01,2018-07-05
Zemke,96784,2014-07-01,2018-07-05
Zijlstra,103246,2015-09-07,2018-07-05
Zimmer,28248,2014-07-01,2018-07-02
Zoană,191377,2018-02-05,2018-07-05
Zoffoli,131051,2015-02-25,2018-07-05
Zorrinho,124739,2014-07-01,2018-07-05
Zovko,185341,2016-11-21,2018-07-05
Zuber,111589,2014-07-01,2016-01-21
Zullo,125237,2014-07-01,2018-07-05
Zver,96933,2014-07-01,2018-07-05
Zwiefka,28301,2014-07-01,2018-07-05
Záborská,23894,2014-07-01,2018-07-04
Zīle,28615,2014-07-01,2018-07-05
Złotowski,124884,2014-07-01,2018-07-05
de  Graaff,125025,2014-07-01,2014-07-02
de Graaff,125025,2014-07-03,2018-07-02
de Grandes Pascual,28393,2014-07-01,2018-06-14
de Jong,96748,2014-07-01,2018-07-05
de Lange,38398,2014-07-01,2018-07-05
de Sarnez,4335,2014-07-01,2017-04-27
del Castillo Vera,28390,2014-07-01,2018-07-04
dos Santos,21918,2016-07-04,2018-07-05
in 't Veld,28266,2014-07-01,2018-07-05
van Baalen,96937,2014-07-01,2018-07-05
van Dalen,96809,2014-07-01,2018-06-14
van Miltenburg,125022,2014-07-01,2018-07-05
van Nieuwenhuizen,125019,2014-07-01,2017-10-05
van Nistelrooij,28165,2014-07-01,2018-07-04
van de Camp,96754,2014-07-01,2018-07-05
von Storch,124825,2014-07-01,2017-10-04
von Weizsäcker,124840,2014-07-01,2018-07-05
Łukacijewska,96791,2014-07-01,2018-07-05
Łybacka,124883,2014-07-01,2018-07-05
Škripek,124927,2014-07-01,2018-07-05
Škrlec,124756,2014-07-01,2018-07-05
Šojdrová,124710,2014-07-01,2018-07-05
Šoltes,125003,2014-07-01,2018-07-05
Štefanec,124929,2014-07-01,2018-07-05
Štětina,124702,2014-07-01,2018-07-05
Šuica,119434,2014-07-01,2018-07-05
Šulin,125103,2014-07-01,2018-07-05
Ţurcanu,131750,2015-03-25,2018-07-05
Żółtek,124902,2014-07-01,2018-07-05
Ždanoka,28619,2014-07-01,2018-03-01
Žitňanská,124901,2014-07-01,2018-07-05
Țapardel,124793,2016-04-13,2018-07-05
