identifier,date,report,desc,title,for,against,abstention
169338,2024-07-17 12:44:00,B10-0007/2024,,– After § 1 – Am 1,91,468,20
169340,2024-07-17 12:44:21,B10-0007/2024,,– § 3/1,476,107,42
169342,2024-07-17 12:44:44,B10-0007/2024,,– After § 3 – Am 6,194,400,53
169343,2024-07-17 12:45:04,B10-0007/2024,,– After § 3 – Am 7,180,436,30
169345,2024-07-17 12:45:49,B10-0007/2024,,– § 4/1,456,166,26
169346,2024-07-17 12:46:05,B10-0007/2024,,– § 4/2,518,47,76
169347,2024-07-17 12:46:25,B10-0007/2024,,– § 4/3,498,111,52
169348,2024-07-17 12:46:41,B10-0007/2024,,– § 5 – Am 9,35,583,45
169350,2024-07-17 12:46:58,B10-0007/2024,,– § 5/1,483,153,32
169351,2024-07-17 12:47:13,B10-0007/2024,,– § 5/2,450,165,46
169352,2024-07-17 12:47:29,B10-0007/2024,,– § 5/3,457,133,79
169353,2024-07-17 12:47:46,B10-0007/2024,,– § 5/4,393,178,75
169354,2024-07-17 12:48:01,B10-0007/2024,,– § 5/5,468,119,79
169355,2024-07-17 12:48:15,B10-0007/2024,,– § 5/6,418,168,71
169356,2024-07-17 12:48:34,B10-0007/2024,,– § 5/7,414,193,62
169357,2024-07-17 12:48:49,B10-0007/2024,,– After § 8 – Am 10,63,564,42
169358,2024-07-17 12:49:02,B10-0007/2024,,– After § 8 – Am 11,57,427,177
169359,2024-07-17 12:49:16,B10-0007/2024,,– After § 8 – Am 12,113,497,58
169360,2024-07-17 12:49:32,B10-0007/2024,,– After § 9 – Am 13,96,537,44
169361,2024-07-17 12:49:55,B10-0007/2024,,– Recital E,482,165,22
169362,2024-07-17 12:50:14,B10-0007/2024,,– Motion for a resolution (as a whole),495,137,47
169367,2024-07-17 09:09:17,Wednesday’s agenda,,Request by The Left Group,149,251,16
169368,2024-07-17 09:11:42,Wednesday’s agenda,,Request by the PfE Group,119,337,15
169385,2024-07-18 13:04:17,Request by The Left Group,,Motion for adjournment of the vote,101,531,8
169401,2024-09-19 12:13:40,A10-0001/2024,,– Borys Budka – Draft Council decision,582,16,17
169406,2024-09-16 17:28:44,Tuesday’s agenda,,Request by the PfE Group,102,279,13
169407,2024-09-16 17:31:29,Wednesday’s agenda,,Request by the ECR Group,437,13,11
169418,2024-09-18 12:18:27,B10-0020/2024,,– Motion for a resolution,516,129,27
169419,2024-09-18 12:18:58,B10-0021/2024,,– Motion for a resolution,522,127,28
169534,2024-09-19 12:11:24,RC-B10-0022/2024,,– § 6 – Am 4,241,345,30
169535,2024-09-19 12:11:40,RC-B10-0022/2024,,– § 6,356,204,55
169536,2024-09-19 12:11:56,RC-B10-0022/2024,,– After § 6 – Am 3,209,359,43
169537,2024-09-19 12:12:11,RC-B10-0022/2024,,– After § 6 – Am 5,219,357,41
169538,2024-09-19 12:12:27,RC-B10-0022/2024,,– After § 6 – Am 6,231,326,58
169539,2024-09-19 12:12:40,RC-B10-0022/2024,,– After § 6 – Am 2,113,441,56
169540,2024-09-19 12:12:55,RC-B10-0022/2024,,– After recital D – Am 1,112,485,13
169541,2024-09-19 12:13:11,RC-B10-0022/2024,,– Motion for a resolution (as a whole),380,182,51
169543,2024-09-19 12:10:32,RC-B10-0026/2024,,– After § 6 – Am 1,255,316,23
169544,2024-09-19 12:10:50,RC-B10-0026/2024,,– Motion for a resolution (as a whole),549,21,37
169555,2024-09-19 12:07:49,RC-B10-0024/2024,,– § 7,458,90,63
169558,2024-09-19 12:08:15,RC-B10-0024/2024,,– § 8/2,444,153,20
169559,2024-09-19 12:08:33,RC-B10-0024/2024,,– After § 8 – Am 2,182,418,13
169560,2024-09-19 12:09:01,RC-B10-0024/2024,,– After § 8 – Am 3,200,400,16
169564,2024-09-19 12:09:40,RC-B10-0024/2024,,– After recital D – Am 1,177,426,13
169565,2024-09-19 12:09:57,RC-B10-0024/2024,,– Motion for a resolution (as a whole),565,8,43
169567,2024-09-19 12:36:41,RC-B10-0057/2024,,– § 4/1,429,120,55
169568,2024-09-19 12:36:53,RC-B10-0057/2024,,– § 4/2,416,170,7
169569,2024-09-19 12:37:05,RC-B10-0057/2024,,– After § 4 – Am 12,172,425,12
169570,2024-09-19 12:37:17,RC-B10-0057/2024,,– After § 5 – Am 7,156,419,34
169571,2024-09-19 12:37:30,RC-B10-0057/2024,,– After § 6 – Am 3,145,420,45
169573,2024-09-19 12:37:43,RC-B10-0057/2024,,– After § 8 – Am 11/1,427,151,25
169574,2024-09-19 12:37:54,RC-B10-0057/2024,,– After § 8 – Am 11/2,85,459,63
169575,2024-09-19 12:38:13,RC-B10-0057/2024,,– After § 10 – Am 8,180,409,15
169576,2024-09-19 12:38:25,RC-B10-0057/2024,,– § 12,468,128,12
169577,2024-09-19 12:38:38,RC-B10-0057/2024,,– § 20,432,145,26
169579,2024-09-19 12:38:52,RC-B10-0057/2024,,– § 21/1,597,5,4
169580,2024-09-19 12:39:02,RC-B10-0057/2024,,– § 21/2,445,128,32
169581,2024-09-19 12:39:14,RC-B10-0057/2024,,– After § 27 – Am 2,222,375,8
169583,2024-09-19 12:39:41,RC-B10-0057/2024,,– Recital C,456,112,38
169584,2024-09-19 12:39:57,RC-B10-0057/2024,,– After recital C – Am 1,213,383,12
169585,2024-09-19 12:40:10,RC-B10-0057/2024,,– After recital C – Am 9,185,409,10
169586,2024-09-19 12:40:22,RC-B10-0057/2024,,– Recital J – Am 6,343,230,29
169587,2024-09-19 12:40:36,RC-B10-0057/2024,,– After recital J – Am 5,220,365,16
169588,2024-09-19 12:40:49,RC-B10-0057/2024,,– After recital J – Am 10,181,416,10
169589,2024-09-19 12:24:58,B10-0023/2024,,– Before § 1 – Am 11,251,322,28
169590,2024-09-19 12:27:37,RC-B10-0023/2024,,– § 1,318,258,25
169591,2024-09-19 12:25:55,RC-B10-0023/2024,,– § 1 – Am 2,234,338,42
169592,2024-09-19 12:28:48,RC-B10-0023/2024,,– § 2,274,311,23
169594,2024-09-19 12:29:05,RC-B10-0023/2024,,– § 3 – Am 3,132,362,113
169595,2024-09-19 12:29:54,RC-B10-0023/2024,,– § 6,568,25,21
169596,2024-09-19 12:30:10,RC-B10-0023/2024,,– § 7,545,9,38
169597,2024-09-19 12:31:02,RC-B10-0023/2024,,– § 8,554,33,25
169598,2024-09-19 12:31:14,RC-B10-0023/2024,,– § 9,510,56,43
169599,2024-09-19 12:31:27,RC-B10-0023/2024,,– § 10,576,3,26
169600,2024-09-19 12:31:40,RC-B10-0023/2024,,– § 11 – Am 4,293,285,39
169623,2024-09-19 12:35:49,RC-B10-0023/2024,,– Motion for a resolution (as a whole),309,201,12
169624,2024-09-19 12:14:05,RC-B10-0028/2024,,– § 1 – Am 4,50,544,18
169625,2024-09-19 12:14:20,RC-B10-0028/2024,,– § 1,565,33,18
169626,2024-09-19 12:14:35,RC-B10-0028/2024,,– § 2 – Am 5,76,529,13
169628,2024-09-19 12:14:52,RC-B10-0028/2024,,– § 2/1,551,49,19
169629,2024-09-19 12:15:04,RC-B10-0028/2024,,– § 2/2,498,86,37
169630,2024-09-19 12:15:16,RC-B10-0028/2024,,– § 2/3,447,135,35
169631,2024-09-19 12:15:29,RC-B10-0028/2024,,– After § 2 – Am 12,132,471,20
169632,2024-09-19 12:15:41,RC-B10-0028/2024,,– After § 2 – Am 13,166,414,34
169633,2024-09-19 12:15:54,RC-B10-0028/2024,,– After § 3 – Am 14,175,414,34
169634,2024-09-19 12:16:07,RC-B10-0028/2024,,– After § 3 – Am 15,105,481,30
169635,2024-09-19 12:16:20,RC-B10-0028/2024,,– § 5,466,118,40
169636,2024-09-19 12:16:34,RC-B10-0028/2024,,– § 6 – Am 6,45,547,29
169637,2024-09-19 12:16:47,RC-B10-0028/2024,,– § 7,471,61,82
169638,2024-09-19 12:16:59,RC-B10-0028/2024,,– After § 7 – Am 16,89,505,30
169639,2024-09-19 12:17:12,RC-B10-0028/2024,,– After § 7 – Am 17,68,514,34
169640,2024-09-19 12:17:24,RC-B10-0028/2024,,– After § 7 – Am 18,91,515,16
169641,2024-09-19 12:17:35,RC-B10-0028/2024,,– After § 7 – Am 19,166,430,27
169642,2024-09-19 12:17:48,RC-B10-0028/2024,,– § 8,377,191,51
169643,2024-09-19 12:18:04,RC-B10-0028/2024,,– After § 8 – Am 20,134,447,43
169644,2024-09-19 12:18:17,RC-B10-0028/2024,,– § 9 – Am 7,64,525,18
169645,2024-09-19 12:18:31,RC-B10-0028/2024,,– § 9 – Am 21,79,510,29
169647,2024-09-19 12:18:44,RC-B10-0028/2024,,– § 9/1,403,159,54
169648,2024-09-19 12:18:55,RC-B10-0028/2024,,– § 9/2,313,247,49
169649,2024-09-19 12:19:06,RC-B10-0028/2024,,– § 9/3,370,205,43
169650,2024-09-19 12:19:20,RC-B10-0028/2024,,– After § 10 – Am 22,151,429,37
169651,2024-09-19 12:19:33,RC-B10-0028/2024,,– § 11,448,129,45
169652,2024-09-19 12:19:47,RC-B10-0028/2024,,– § 12 – Am 8,58,500,62
169653,2024-09-19 12:19:59,RC-B10-0028/2024,,– § 12,432,108,77
169654,2024-09-19 12:20:12,RC-B10-0028/2024,,– § 14 – Am 2,410,181,29
169657,2024-09-19 12:20:32,RC-B10-0028/2024,,– § 15/2,475,90,37
169658,2024-09-19 12:20:57,RC-B10-0028/2024,,– § 18 – Am 27,484,44,82
169662,2024-09-19 12:21:23,RC-B10-0028/2024,,– § 19/2,424,122,61
169663,2024-09-19 12:21:34,RC-B10-0028/2024,,– § 19/3,463,101,50
169664,2024-09-19 12:21:47,RC-B10-0028/2024,,– After § 21 – Am 23,71,460,80
169665,2024-09-19 12:22:00,RC-B10-0028/2024,,– After § 23 – Am 9,142,395,66
169666,2024-09-19 12:22:12,RC-B10-0028/2024,,– After § 23 – Am 24,104,485,30
169668,2024-09-19 12:22:52,RC-B10-0028/2024,,– Recital H – Am 1/1,406,174,35
169669,2024-09-19 12:23:03,RC-B10-0028/2024,,– Recital H – Am 1/2,253,307,45
169670,2024-09-19 12:23:17,RC-B10-0028/2024,,– After recital H – Am 10,167,434,22
169673,2024-09-19 12:23:43,RC-B10-0028/2024,,– Recital M/2,445,96,81
169674,2024-09-19 12:23:54,RC-B10-0028/2024,,– Recital P – Am 11,364,186,64
169675,2024-09-19 12:24:07,RC-B10-0028/2024,,– Citation 2 – Am 25,238,303,75
169676,2024-09-19 12:24:22,RC-B10-0028/2024,,– Motion for a resolution (as a whole),425,131,63
169678,2024-09-19 12:39:28,RC-B10-0057/2024,,– Recital B,458,77,72
169701,2024-10-08 12:33:50,A10-0002/2024,,– Georgios Aftias – Proposal for a decision,632,7,3
169725,2024-10-07 17:26:10,Tuesday’s agenda,,Request by the PfE Group,85,335,5
169726,2024-10-07 17:28:22,Tuesday’s agenda,,Request by The Left Group,189,254,8
169760,2024-10-09 12:40:36,RC-B10-0072/2024,,– § 5,530,49,77
169761,2024-10-09 12:40:49,RC-B10-0072/2024,,– § 7 – Am 1,156,307,180
169762,2024-10-09 12:41:00,RC-B10-0072/2024,,– § 8,527,82,49
169765,2024-10-09 12:41:34,RC-B10-0072/2024,,– § 9/2,500,119,41
169766,2024-10-09 12:41:49,RC-B10-0072/2024,,– § 11 – Am 2,467,95,90
169768,2024-10-09 12:42:02,RC-B10-0072/2024,,– § 17,542,70,49
169769,2024-10-09 12:42:25,RC-B10-0072/2024,,– Recital C,572,46,46
169770,2024-10-09 12:42:41,RC-B10-0072/2024,,– Motion for a resolution (as a whole),508,53,104
169771,2024-10-09 12:43:03,RC-B10-0070/2024,,– § 1 – Am 2,93,526,41
169773,2024-10-09 12:43:15,RC-B10-0070/2024,,– § 1/1,504,89,69
169774,2024-10-09 12:43:26,RC-B10-0070/2024,,– § 1/2,456,126,64
169775,2024-10-09 12:43:36,RC-B10-0070/2024,,– After § 1 – Am 1,212,316,134
169778,2024-10-09 12:43:52,RC-B10-0070/2024,,– § 2/2,499,98,67
169790,2024-10-09 12:44:50,RC-B10-0070/2024,,– § 9,490,114,61
169801,2024-10-09 12:45:54,RC-B10-0070/2024,,– § 22/1,501,65,95
169802,2024-10-09 12:46:03,RC-B10-0070/2024,,– § 22/2,487,113,50
169803,2024-10-09 12:46:14,RC-B10-0070/2024,,– Recital O,473,114,72
169808,2024-10-09 12:46:36,RC-B10-0070/2024,,– Motion for a resolution (as a whole),495,73,86
169854,2024-10-10 12:22:08,RC-B10-0095/2024,,– After § 4 – Am 1,132,374,105
169855,2024-10-10 12:22:26,RC-B10-0095/2024,,– After § 5 – Am 2,132,442,27
169856,2024-10-10 12:23:17,B10-0101/2024,,– After § 3 – Am 1,59,524,30
169857,2024-10-10 12:23:40,B10-0101/2024,,– Motion for a resolution (as a whole),540,23,47
169885,2024-10-22 12:11:20,A10-0009/2024,,Michalis Hadjipantela - Proposition de résolution (ensemble du texte),601,47,17
169887,2024-10-22 12:10:05,A10-0007/2024,,Siegfried Mureşan - Proposition de résolution (ensemble du texte),522,115,25
169889,2024-10-22 12:06:31,A10-0006/2024,,Karin Karlsbro - Proposition de la Commission,518,56,61
169890,2024-10-22 12:08:45,A10-0005/2024,,Siegfried Mureşan - Proposition de résolution (ensemble du texte),531,91,35
169894,2024-10-22 12:13:17,A10-0003/2024,,Jonas Sjöstedt - Proposition de résolution (ensemble du texte),431,131,83
169898,2024-10-23 12:51:21,A10–0004/2024,,Li Andersson-Commission proposal,444,179,20
169901,2024-10-22 12:12:28,A10-0003/2024,,Jonas Sjöstedt - § 14,429,206,26
169904,2024-10-22 12:13:00,A10-0003/2024,,Jonas Sjöstedt - § 16/2,417,204,37
169905,2024-10-22 12:08:18,A10-0005/2024,,Siegfried Mureşan - § 6,417,192,50
169908,2024-10-22 12:09:23,A10-0007/2024,,Siegfried Mureşan - § 4/2,391,201,68
169909,2024-10-22 12:09:44,A10-0007/2024,,Siegfried Mureşan - Après le § 5 - Am 1,193,455,13
169987,2024-10-23 12:45:30,A10–0008/2024,,"Victor Negrescu, Niclas Herbst-Motion for a resolution (text as a whole)",233,360,59
170005,2024-10-21 17:27:14,Tuesday’s agenda,,Request by the Verts/ALE Group,164,319,1
170006,2024-10-21 17:27:47,Tuesday’s agenda,,Request by the Renew Group,158,288,34
170010,2024-10-23 12:46:25,A10–0004/2024,,Li Andersson-Amendments by the committee responsible-separate votes-Am 1/2,430,188,22
170013,2024-10-23 12:46:43,A10–0004/2024,,Li Andersson-Amendments by the committee responsible-separate votes-Am 5/2,452,144,44
170015,2024-10-23 12:46:55,A10–0004/2024,,Li Andersson-Amendments by the committee responsible-separate votes-Am 10/1,418,180,31
170016,2024-10-23 12:47:06,A10–0004/2024,,Li Andersson-Amendments by the committee responsible-separate votes-Am 10/2,362,243,36
170019,2024-10-23 12:47:25,A10–0004/2024,,Li Andersson-Amendments by the committee responsible-separate votes-Am 11/2,456,134,45
170022,2024-10-23 12:47:41,A10–0004/2024,,Li Andersson-Amendments by the committee responsible-separate votes-Am 13/2,443,185,17
170023,2024-10-23 12:47:51,A10–0004/2024,,Li Andersson-Amendments by the committee responsible-separate votes-Am 15,263,356,9
170028,2024-10-23 12:48:11,A10–0004/2024,,"Li Andersson-Annex, guideline 6, § 3-Am 20/1",528,54,62
170029,2024-10-23 12:48:21,A10–0004/2024,,"Li Andersson-Annex, guideline 6, § 3-Am 20/2",424,192,11
170030,2024-10-23 12:48:31,A10–0004/2024,,"Li Andersson-Annex, guideline 6, § 3-Am 20/3",434,172,37
170052,2024-10-23 12:20:43,A10–0008/2024,,"Victor Negrescu, Niclas Herbst-Before § 1-Am 3",46,600,8
170053,2024-10-23 12:20:54,A10–0008/2024,,"Victor Negrescu, Niclas Herbst-Before § 1-Am 4",109,444,96
170054,2024-10-23 12:21:08,A10–0008/2024,,"Victor Negrescu, Niclas Herbst-Before § 1-Am 5",118,512,16
170055,2024-10-23 12:21:18,A10–0008/2024,,"Victor Negrescu, Niclas Herbst-Before § 1-Am 6",163,414,69
170056,2024-10-23 12:21:29,A10–0008/2024,,"Victor Negrescu, Niclas Herbst-Before § 1-Am 7",78,554,16
170057,2024-10-23 12:21:53,A10–0008/2024,,"Victor Negrescu, Niclas Herbst-After § 4-Am 53",215,331,108
170060,2024-10-23 12:22:10,A10–0008/2024,,"Victor Negrescu, Niclas Herbst-§ 5/2",417,205,27
170061,2024-10-23 12:22:22,A10–0008/2024,,"Victor Negrescu, Niclas Herbst-After § 5-Am 54",142,462,44
170063,2024-10-23 12:22:41,A10–0008/2024,,"Victor Negrescu, Niclas Herbst-§ 12",482,145,22
170064,2024-10-23 12:22:53,A10–0008/2024,,"Victor Negrescu, Niclas Herbst-After § 13-Am 18",379,231,34
170066,2024-10-23 12:23:09,A10–0008/2024,,"Victor Negrescu, Niclas Herbst-§ 15",376,207,64
170067,2024-10-23 12:23:20,A10–0008/2024,,"Victor Negrescu, Niclas Herbst-After § 15-Am 42",167,437,42
170068,2024-10-23 12:23:31,A10–0008/2024,,"Victor Negrescu, Niclas Herbst-After § 15-Am 55",117,512,24
170069,2024-10-23 12:23:44,A10–0008/2024,,"Victor Negrescu, Niclas Herbst-After § 15-Am 56",121,501,31
170070,2024-10-23 12:23:55,A10–0008/2024,,"Victor Negrescu, Niclas Herbst-After § 15-Am 57",105,486,42
170071,2024-10-23 12:24:06,A10–0008/2024,,"Victor Negrescu, Niclas Herbst-After § 15-Am 58",134,454,49
170072,2024-10-23 12:24:16,A10–0008/2024,,"Victor Negrescu, Niclas Herbst-After § 15-Am 59",115,506,22
170073,2024-10-23 12:24:26,A10–0008/2024,,"Victor Negrescu, Niclas Herbst-After § 15-Am 60",106,466,65
170074,2024-10-23 12:24:36,A10–0008/2024,,"Victor Negrescu, Niclas Herbst-After § 15-Am 61",99,522,26
170077,2024-10-23 12:24:52,A10–0008/2024,,"Victor Negrescu, Niclas Herbst-After § 27-Am 21/1",192,437,23
170079,2024-10-23 12:25:09,A10–0008/2024,,"Victor Negrescu, Niclas Herbst-§ 31",536,82,24
170081,2024-10-23 12:25:24,A10–0008/2024,,"Victor Negrescu, Niclas Herbst-After § 34-Am 8",199,410,29
170082,2024-10-23 12:25:36,A10–0008/2024,,"Victor Negrescu, Niclas Herbst-After § 34-Am 9",176,389,86
170083,2024-10-23 12:25:47,A10–0008/2024,,"Victor Negrescu, Niclas Herbst-After § 34-Am 10",159,376,114
170084,2024-10-23 12:25:58,A10–0008/2024,,"Victor Negrescu, Niclas Herbst-After § 34-Am 11",222,310,117
170085,2024-10-23 12:26:09,A10–0008/2024,,"Victor Negrescu, Niclas Herbst-After § 34-Am 12",178,383,89
170093,2024-10-23 12:26:40,A10–0008/2024,,"Victor Negrescu, Niclas Herbst-After § 35-Am 22/1",190,454,7
170094,2024-10-23 12:26:51,A10–0008/2024,,"Victor Negrescu, Niclas Herbst-After § 35-Am 22/2",178,450,19
170095,2024-10-23 12:27:02,A10–0008/2024,,"Victor Negrescu, Niclas Herbst-After § 40-Am 62",176,406,69
170098,2024-10-23 12:27:16,A10–0008/2024,,"Victor Negrescu, Niclas Herbst-§ 41/2",623,10,18
170104,2024-10-23 12:27:47,A10–0008/2024,,"Victor Negrescu, Niclas Herbst-After § 43-Am 23/1",200,426,11
170105,2024-10-23 12:28:00,A10–0008/2024,,"Victor Negrescu, Niclas Herbst-After § 43-Am 23/2",180,452,15
170108,2024-10-23 12:28:16,A10–0008/2024,,"Victor Negrescu, Niclas Herbst-§ 44/2",620,15,13
170109,2024-10-23 12:28:28,A10–0008/2024,,"Victor Negrescu, Niclas Herbst-After § 44-Am 24",195,439,13
170111,2024-10-23 12:28:40,A10–0008/2024,,"Victor Negrescu, Niclas Herbst-§ 45/1",514,83,52
170112,2024-10-23 12:28:51,A10–0008/2024,,"Victor Negrescu, Niclas Herbst-§ 45/2",495,129,23
170113,2024-10-23 12:29:02,A10–0008/2024,,"Victor Negrescu, Niclas Herbst-After § 45-Am 25",212,414,24
170115,2024-10-23 12:29:13,A10–0008/2024,,"Victor Negrescu, Niclas Herbst-§ 46/1",511,94,41
170120,2024-10-23 12:29:36,A10–0008/2024,,"Victor Negrescu, Niclas Herbst-After § 50-Am 13",271,330,51
170121,2024-10-23 12:29:47,A10–0008/2024,,"Victor Negrescu, Niclas Herbst-After § 50-Am 14",206,408,37
170124,2024-10-23 12:30:02,A10–0008/2024,,"Victor Negrescu, Niclas Herbst-§ 51/2",606,20,26
170125,2024-10-23 12:30:14,A10–0008/2024,,"Victor Negrescu, Niclas Herbst-After § 51-Am 43",183,449,15
170126,2024-10-23 12:30:24,A10–0008/2024,,"Victor Negrescu, Niclas Herbst-§ 52",589,21,39
170127,2024-10-23 12:30:34,A10–0008/2024,,"Victor Negrescu, Niclas Herbst-§ 53",610,7,23
170130,2024-10-23 12:30:49,A10–0008/2024,,"Victor Negrescu, Niclas Herbst-§ 54/2",576,61,17
170132,2024-10-23 12:30:59,A10–0008/2024,,"Victor Negrescu, Niclas Herbst-§ 55/1",622,13,16
170135,2024-10-23 12:31:17,A10–0008/2024,,"Victor Negrescu, Niclas Herbst-After § 56-Am 26",293,285,68
170136,2024-10-23 12:31:29,A10–0008/2024,,"Victor Negrescu, Niclas Herbst-After § 57-Am 27",330,275,36
170140,2024-10-23 12:31:50,A10–0008/2024,,"Victor Negrescu, Niclas Herbst-After § 61-Am 2",197,395,57
170141,2024-10-23 12:32:08,A10–0008/2024,,"Victor Negrescu, Niclas Herbst-§ 62",432,191,24
170142,2024-10-23 12:32:19,A10–0008/2024,,"Victor Negrescu, Niclas Herbst-After § 62-Am 29",198,293,149
170143,2024-10-23 12:32:31,A10–0008/2024,,"Victor Negrescu, Niclas Herbst-After § 62-Am 44",158,448,37
170152,2024-10-23 12:33:06,A10–0008/2024,,"Victor Negrescu, Niclas Herbst-§ 63/8",620,13,15
170153,2024-10-23 12:33:16,A10–0008/2024,,"Victor Negrescu, Niclas Herbst-§ 63/9",506,111,18
170155,2024-10-23 12:33:31,A10–0008/2024,,"Victor Negrescu, Niclas Herbst-§ 63/11",483,116,49
170157,2024-10-23 12:33:46,A10–0008/2024,,"Victor Negrescu, Niclas Herbst-After § 63-Am 30",212,303,124
170158,2024-10-23 12:33:58,A10–0008/2024,,"Victor Negrescu, Niclas Herbst-After § 63-Am 45",329,297,15
170160,2024-10-23 12:34:12,A10–0008/2024,,"Victor Negrescu, Niclas Herbst-After § 63-Am 31/1",196,438,6
170161,2024-10-23 12:34:24,A10–0008/2024,,"Victor Negrescu, Niclas Herbst-After § 63-Am 31/2",169,461,19
170162,2024-10-23 12:34:36,A10–0008/2024,,"Victor Negrescu, Niclas Herbst-After § 63-Am 64",154,433,65
170163,2024-10-23 12:34:47,A10–0008/2024,,"Victor Negrescu, Niclas Herbst-After § 64-Am 32",330,295,22
170164,2024-10-23 12:35:01,A10–0008/2024,,"Victor Negrescu, Niclas Herbst-After § 64-Am 33",191,454,5
170165,2024-10-23 12:35:12,A10–0008/2024,,"Victor Negrescu, Niclas Herbst-After § 64-Am 34",192,455,3
170166,2024-10-23 12:35:23,A10–0008/2024,,"Victor Negrescu, Niclas Herbst-After § 64-Am 46",326,293,17
170167,2024-10-23 12:35:36,A10–0008/2024,,"Victor Negrescu, Niclas Herbst-After § 66-Am 15",73,558,17
170168,2024-10-23 12:35:53,A10–0008/2024,,"Victor Negrescu, Niclas Herbst-After § 68-Am 65",74,482,94
170172,2024-10-23 12:36:21,A10–0008/2024,,"Victor Negrescu, Niclas Herbst-§ 75/3",367,224,54
170173,2024-10-23 12:36:34,A10–0008/2024,,"Victor Negrescu, Niclas Herbst-After § 75-Am 1",280,304,51
170174,2024-10-23 12:36:47,A10–0008/2024,,"Victor Negrescu, Niclas Herbst-After § 75-Am 37",192,420,26
170175,2024-10-23 12:36:58,A10–0008/2024,,"Victor Negrescu, Niclas Herbst-After § 75-Am 69",333,267,37
170180,2024-10-23 12:37:26,A10–0008/2024,,"Victor Negrescu, Niclas Herbst-After § 76-Am 47",121,468,48
170183,2024-10-23 12:37:53,A10–0008/2024,,"Victor Negrescu, Niclas Herbst-§ 78/2",462,123,49
170184,2024-10-23 12:38:04,A10–0008/2024,,"Victor Negrescu, Niclas Herbst-§ 78/3",452,142,49
170185,2024-10-23 12:38:14,A10–0008/2024,,"Victor Negrescu, Niclas Herbst-§ 78/4",502,68,77
170186,2024-10-23 12:38:26,A10–0008/2024,,"Victor Negrescu, Niclas Herbst-After § 79-Am 38",176,449,19
170187,2024-10-23 12:38:38,A10–0008/2024,,"Victor Negrescu, Niclas Herbst-After § 79-Am 39",168,432,32
170188,2024-10-23 12:38:58,A10–0008/2024,,"Victor Negrescu, Niclas Herbst-After § 87-Am 72",110,460,76
170189,2024-10-23 12:39:11,A10–0008/2024,,"Victor Negrescu, Niclas Herbst-After § 87-Am 73",127,473,29
170190,2024-10-23 12:39:22,A10–0008/2024,,"Victor Negrescu, Niclas Herbst-§ 88",498,121,24
170192,2024-10-23 12:39:42,A10–0008/2024,,"Victor Negrescu, Niclas Herbst-§ 89-Am 50/1",504,94,30
170193,2024-10-23 12:39:52,A10–0008/2024,,"Victor Negrescu, Niclas Herbst-§ 89-Am 50/2",231,387,23
170194,2024-10-23 12:40:05,A10–0008/2024,,"Victor Negrescu, Niclas Herbst-§ 89-Am 50/3",500,110,40
170195,2024-10-23 12:40:16,A10–0008/2024,,"Victor Negrescu, Niclas Herbst-§ 89-Am 50/4",300,299,45
170196,2024-10-23 12:40:31,A10–0008/2024,,"Victor Negrescu, Niclas Herbst-§ 90, After point d-Am 19",291,322,39
170197,2024-10-23 12:40:42,A10–0008/2024,,"Victor Negrescu, Niclas Herbst-§ 90, point e-Am 20",327,309,13
170201,2024-10-23 12:41:21,A10–0008/2024,,"Victor Negrescu, Niclas Herbst-After § 90-Am 74",178,442,30
170202,2024-10-23 12:41:32,A10–0008/2024,,"Victor Negrescu, Niclas Herbst-After § 90-Am 75",79,526,37
170203,2024-10-23 12:41:42,A10–0008/2024,,"Victor Negrescu, Niclas Herbst-After § 90-Am 76",85,526,35
170205,2024-10-23 12:41:54,A10–0008/2024,,"Victor Negrescu, Niclas Herbst-After § 91-Am 67/1",284,289,79
170206,2024-10-23 12:42:07,A10–0008/2024,,"Victor Negrescu, Niclas Herbst-After § 91-Am 67/2",107,536,12
170208,2024-10-23 12:43:49,A10–0008/2024,,"Victor Negrescu, Niclas Herbst-After § 91-Am 68/1",520,66,54
170209,2024-10-23 12:44:01,A10–0008/2024,,"Victor Negrescu, Niclas Herbst-After § 91-Am 68/2",85,500,58
170210,2024-10-23 12:44:11,A10–0008/2024,,"Victor Negrescu, Niclas Herbst-After § 91-Am 68/3",500,62,81
170211,2024-10-23 12:44:22,A10–0008/2024,,"Victor Negrescu, Niclas Herbst-After § 91-Am 68/4",216,389,39
170212,2024-10-23 12:44:34,A10–0008/2024,,"Victor Negrescu, Niclas Herbst-§ 92-Am 16",255,314,80
170214,2024-10-23 12:44:49,A10–0008/2024,,"Victor Negrescu, Niclas Herbst-After § 92-Am 17/1",349,68,230
170215,2024-10-23 12:45:02,A10–0008/2024,,"Victor Negrescu, Niclas Herbst-After § 92-Am 17/2",139,481,29
170216,2024-10-23 12:45:14,A10–0008/2024,,"Victor Negrescu, Niclas Herbst-After § 98-Am 77",134,484,29
170226,2024-10-23 12:52:13,RC–B10–0123/2024,,§ 1/1,545,80,15
170227,2024-10-23 12:52:24,RC–B10–0123/2024,,§ 1/2,420,208,12
170238,2024-10-23 12:09:58,Draft general budget of the European Union for the financial year 2025,,all sections-03 02 02-Am 693,617,22,10
170244,2024-10-23 12:10:52,Draft general of the European Union for the financial year 2025,,all sections-07 02 01-Am 309,72,513,67
170245,2024-10-23 12:11:05,Draft general of the European Union for the financial year 2025,,all sections-07 02 15-Am 332,87,512,47
170256,2024-10-23 12:12:02,Draft general budget of the European Union for the financial year 2025,,all sections-08 02 02 01-Am 725,591,49,7
170257,2024-10-23 12:12:15,Draft general budget of the European Union for the financial year 2025,,all sections-08 02 02 02-Am 313,174,453,23
170258,2024-10-23 12:12:30,Draft general budget of the European Union for the financial year 2025,,all sections-08 02 02 02-Am 618,195,432,20
170259,2024-10-23 12:12:41,Draft general budget of the European Union for the financial year 2025,,all sections-08 02 02 03-Am 314,199,422,28
170260,2024-10-23 12:12:52,Draft general budget of the European Union for the financial year 2025,,all sections-08 02 02 05-Am 315,193,437,11
170261,2024-10-23 12:13:03,Draft general budget of the European Union for the financial year 2025,,all sections-08 02 03 03-Am 726,570,54,20
170262,2024-10-23 12:13:14,Draft general budget of the European Union for the financial year 2025,,all sections-08 02 04 03-Am 213,617,32,5
170263,2024-10-23 12:13:24,Draft general budget of the European Union for the financial year 2025,,all sections-08 04 01-Am 316,156,473,21
170264,2024-10-23 12:13:35,Draft general budget of the European Union for the financial year 2025,,all sections-08 04 02-Am 317,180,452,23
170268,2024-10-23 12:13:59,Draft general budget of the European Union for the financial year 2025,,all sections-11 02 01-Am 733,454,141,56
170270,2024-10-23 12:14:20,Draft general budget of the European Union for the financial year 2025,,all sections-11 02 02-Am 334,141,486,12
170271,2024-10-23 12:14:33,Draft general budget of the European Union for the financial year 2025,,all sections-11 10 01-Am 156,519,74,57
170282,2024-10-23 12:15:24,Draft general budget of the European Union for the financial year 2025,,all sections-13 02 01-Am 328,73,556,24
170290,2024-10-23 12:15:57,Draft general budget of the European Union for the financial year 2025,,all sections-14 02 01 10-Am 737,457,192,2
170343,2024-10-24 12:15:45,RC-B10-0134/2024,,§ 4,511,9,50
170345,2024-10-24 12:16:05,RC-B10-0134/2024,,§ 6/1,531,4,37
170349,2024-10-24 12:16:29,RC-B10-0134/2024,,§ 8/2,488,44,37
170350,2024-10-24 12:16:41,RC-B10-0134/2024,,Après le § 17 - Am 1,162,378,16
170351,2024-10-24 12:17:02,RC-B10-0134/2024,,Proposition de résolution (ensemble du texte),432,60,71
170352,2024-10-24 12:12:31,RC-B10-0133/2024,,§ 1,527,5,38
170354,2024-10-24 12:12:48,RC-B10-0133/2024,,§ 3/1,573,0,7
170356,2024-10-24 12:13:11,RC-B10-0133/2024,,§ 10 - Am 1,258,274,49
170357,2024-10-24 12:13:26,RC-B10-0133/2024,,§ 10 - Am 2,152,394,31
170360,2024-10-24 12:13:52,RC-B10-0133/2024,,§ 10/2,423,113,39
170364,2024-10-24 12:14:21,RC-B10-0133/2024,,§ 17,577,1,5
170365,2024-10-24 12:14:36,RC-B10-0133/2024,,§ 18,544,6,24
170366,2024-10-24 12:14:51,RC-B10-0133/2024,,Proposition de résolution (ensemble du texte),453,31,89
170381,2024-11-14 11:23:31,A10-0011/2024,,Herbert Dorfmann - Proposition de la Commission au Conseil,555,48,42
170382,2024-11-14 11:22:06,A10-0012/2024,,Aurore Lalucq - Proposition de la Commission au Conseil,621,10,11
170398,2024-11-14 11:19:15,C10-0119/2024,,Proposition de la Commission,371,240,30
170401,2024-11-14 11:27:41,A10-0013/2024,,Joachim Streit - Projet de décision du Conseil,510,105,27
170466,2024-11-14 11:10:00,C10-0119/2024,,"Article 1, § 1, avant le point 1 Règlement (UE) 2023/1115 - Am 3",306,303,18
170467,2024-11-14 11:10:20,C10-0119/2024,,"Article 1, § 1, avant le point 1 Règlement (UE) 2023/1115 - Am 4",324,296,15
170468,2024-11-14 11:10:35,C10-0119/2024,,"Article 1, § 1, avant le point 1 Règlement (UE) 2023/1115 - Am 5",308,303,20
170469,2024-11-14 11:10:52,C10-0119/2024,,"Article 1, § 1, avant le point 1 Règlement (UE) 2023/1115 - Am 6",308,303,19
170470,2024-11-14 11:13:23,C10-0119/2024,,"Article 1, § 1, avant le point 1 Règlement (UE) 2023/1115 - Am 7",303,292,20
170472,2024-11-14 11:15:34,C10-0119/2024,,"Article 1, § 1, avant le point 1 Règlement (UE) 2023/1115 - Am 9",311,308,23
170473,2024-11-14 11:17:08,C10-0119/2024,,"Article 1, § 1, avant le point 1 Règlement (UE) 2023/1115 - Am 10",314,303,23
170474,2024-11-14 11:17:48,C10-0119/2024,,"Article 1, § 1, avant le point 1 Règlement (UE) 2023/1115 - Am 11",319,300,20
170475,2024-11-14 11:18:39,C10-0119/2024,,"Article 1, § 1, après le point 1 Règlement (UE) 2023/1115 Article 30, § 4 - Am 12",309,311,21
170479,2024-11-14 11:48:11,RC-B10-0161/2024,,Après le § 1 - Am 1,113,458,65
170480,2024-11-14 11:49:22,RC-B10-0161/2024,,Après le § 2 - Am 2,116,483,36
170481,2024-11-14 11:50:00,RC-B10-0161/2024,,Après le § 2 - Am 3,76,524,34
170482,2024-11-14 11:50:25,RC-B10-0161/2024,,§ 4 - Am 4,167,384,78
170485,2024-11-14 11:50:59,RC-B10-0161/2024,,§ 15/2,477,132,21
170486,2024-11-14 11:51:46,RC-B10-0161/2024,,Après le § 15 - Am 6,131,444,57
170489,2024-11-14 11:54:28,RC-B10-0161/2024,,§ 16/2,482,108,40
170492,2024-11-14 11:55:20,RC-B10-0161/2024,,Considérant G - Am 5,252,318,64
170493,2024-11-14 11:29:24,B10-0156/2024,,§ 1 - Am 10,143,458,43
170494,2024-11-14 11:30:33,B10-0156/2024,,Après le § 1 - Am 11,141,459,43
170497,2024-11-14 11:31:37,B10-0156/2024,,§ 41 - Am 12,105,459,79
170498,2024-11-14 11:32:28,B10-0156/2024,,Après le § 41 - Am 13,110,460,74
170499,2024-11-14 11:32:44,B10-0156/2024,,Après le § 48 - Am 5,206,412,16
170500,2024-11-14 11:32:58,B10-0156/2024,,Après le § 56 - Am 14,105,462,75
170503,2024-11-14 11:33:14,B10-0156/2024,,§ 66/2,279,334,25
170506,2024-11-14 11:33:33,B10-0156/2024,,§ 72/2,333,210,92
170507,2024-11-14 11:40:47,B10-0156/2024,,Après le § 83 - Am 6,214,359,36
170514,2024-11-14 11:43:28,B10-0156/2024,,§ 95,424,195,18
170522,2024-11-14 11:44:42,B10-0156/2024,,Après le § 131 - Am 1/1,250,358,24
170525,2024-11-14 11:45:12,B10-0156/2024,,Considérant A - Am 9,195,429,14
170526,2024-11-14 11:45:38,B10-0156/2024,,Après le considérant F - Am 3,187,437,17
170527,2024-11-14 11:46:45,B10-0156/2024,,Considérant G - Am 4,184,453,3
170528,2024-11-14 11:47:28,B10-0156/2024,,Proposition de résolution (ensemble du texte),429,183,24
170541,2024-11-13 15:23:59,Ordre du jour de mercredi,,Demande des groupes Renew et PPE,309,191,34
170542,2024-11-13 15:26:48,Ordre du jour de jeudi,,Demande du groupe The Left,201,353,7
170611,2024-11-27 12:24:05,,,Élection de la Commission,370,282,36
170621,2024-11-27 12:29:55,A10-0014/2024,,"Victor Negrescu, Niclas Herbst - Projet commun",418,185,67
170622,2024-11-26 12:07:29,B10-0148/2024,,Après le § 2 - Am 2,281,233,124
170623,2024-11-26 12:07:53,B10-0148/2024,,Après le considérant O - Am 1,275,288,68
170624,2024-11-26 12:08:16,B10-0148/2024,,Proposition de résolution (ensemble du texte),474,171,13
170625,2024-11-26 12:09:12,B10-0147/2024,,Après le § 2 - Am 2,281,233,128
170626,2024-11-26 12:09:33,B10-0147/2024,,Après le considérant O - Am 1,273,290,69
170627,2024-11-26 12:09:51,B10-0147/2024,,Proposition de résolution (ensemble du texte),476,169,14
170628,2024-11-26 12:08:40,B10-0145/2024,,Proposition de résolution,496,143,18
170629,2024-11-26 12:13:01,B10-0152/2024,,Après le § 2 - Am 2,274,232,136
170630,2024-11-26 12:13:20,B10-0152/2024,,Après le considérant K - Am 1,270,290,72
170631,2024-11-26 12:13:43,B10-0152/2024,,Proposition de résolution (ensemble du texte),478,165,16
170632,2024-11-27 12:29:20,A10-0017/2024,,Siegfried Mureşan - Proposition de résolution,525,75,81
170634,2024-11-26 12:11:55,B10-0150/2024,,Après le § 2 - Am 2,276,232,138
170635,2024-11-26 12:12:16,B10-0150/2024,,Après le considérant K - Am 1,270,292,70
170636,2024-11-26 12:12:37,B10-0150/2024,,Proposition de résolution (ensemble du texte),474,166,17
170637,2024-11-26 12:14:22,B10-0153/2024,,Proposition de résolution,468,166,14
170638,2024-11-26 12:10:18,B10-0146/2024,,Proposition de résolution,464,163,27
170639,2024-11-26 12:10:44,B10-0149/2024,,Après le § 2 - Am 2,278,229,138
170640,2024-11-26 12:11:05,B10-0149/2024,,Après le considérant L - Am 1,270,291,68
170641,2024-11-26 12:11:24,B10-0149/2024,,Proposition de résolution (ensemble du texte),478,166,17
170665,2024-11-25 17:15:11,Ordre du jour de lundi,,Demande du groupe The Left,156,277,10
170667,2024-11-25 17:18:00,agenda week 48,,Ordre du jour de mercredi,415,5,3
170670,2024-11-27 12:29:00,A10-0020/2024,,Giuseppe Lupo - Proposition de résolution,660,11,4
170671,2024-11-27 12:26:56,A10-0015/2024,,Paulo Cunha - Proposition de la Commission,627,6,37
170721,2024-11-27 12:27:29,B10-0178/2024,,Proposition de résolution,123,511,42
170722,2024-11-27 12:20:58,B10-0194/2024,,– Motion for a resolution,53,608,24
170723,2024-11-27 12:21:21,B10-0196/2024,,– § 3,200,480,9
170724,2024-11-27 12:22:06,B10-0196/2024,,– § 7,204,470,6
170725,2024-11-27 12:22:24,B10-0196/2024,,– § 11,173,455,55
170726,2024-11-27 12:22:40,B10-0196/2024,,– Motion for a resolution (as a whole),154,507,19
170727,2024-11-28 12:28:02,RC-B10-0173/2024,,Après le § 1 - Am 13,241,297,25
170728,2024-11-28 12:28:13,RC-B10-0173/2024,,Après le § 1 - Am 20,171,396,10
170729,2024-11-28 12:28:34,RC-B10-0173/2024,,§ 2 - Am 10,350,222,8
170733,2024-11-28 12:28:52,RC-B10-0173/2024,,§ 4 - Am 15,289,266,19
170734,2024-11-28 12:29:05,RC-B10-0173/2024,,Après le § 4 - Am 11,291,259,32
170736,2024-11-28 12:29:20,RC-B10-0173/2024,,§ 5 - Am 16/1,286,280,18
170737,2024-11-28 12:29:35,RC-B10-0173/2024,,§ 5 - Am 16/2,149,403,26
170739,2024-11-28 12:29:57,RC-B10-0173/2024,,§ 6 - Am 17,253,298,23
170740,2024-11-28 12:30:11,RC-B10-0173/2024,,§ 6 - Am 21,158,403,17
170742,2024-11-28 12:30:33,RC-B10-0173/2024,,§ 6/1,368,133,64
170743,2024-11-28 12:30:45,RC-B10-0173/2024,,§ 6/2,194,348,31
170744,2024-11-28 12:30:58,RC-B10-0173/2024,,§ 7 - Am 18,191,369,12
170755,2024-11-28 12:33:11,RC-B10-0173/2024,,Après le considérant H - Am 12,263,277,21
170756,2024-11-28 12:33:31,RC-B10-0173/2024,,Considérant P,407,110,51
170759,2024-11-28 12:34:00,RC-B10-0173/2024,,Considérant R/2,409,142,16
170765,2024-11-28 12:34:34,RC-B10-0173/2024,,Proposition de résolution (ensemble du texte),152,378,26
170767,2024-11-28 12:35:24,B10-0174/2024,,§ 2/1,222,204,23
170768,2024-11-28 12:35:36,B10-0174/2024,,§ 2/2,184,245,50
170853,2024-11-28 12:15:42,RC-B10-0179/2024,,Après le § 1 - Am 1,110,451,43
170854,2024-11-28 12:15:54,RC-B10-0179/2024,,Après le § 1 - Am 2,100,418,84
170857,2024-11-28 12:16:17,RC-B10-0179/2024,,§ 10/2,411,121,70
170858,2024-11-28 12:16:37,RC-B10-0179/2024,,§ 11,435,101,66
170861,2024-11-28 12:17:26,RC-B10-0179/2024,,§ 12/2,327,214,60
170865,2024-11-28 12:18:10,RC-B10-0179/2024,,Considérant F/2,412,120,68
170866,2024-11-28 12:18:23,RC-B10-0179/2024,,Proposition de résolution (ensemble du texte),444,72,82
170867,2024-11-28 12:31:58,RC-B10-0173/2024,,§ 12 - Am 19,268,270,35
170869,2024-11-28 12:17:50,RC-B10-0179/2024,,§ 21 - Am 7,331,98,166
170870,2024-11-28 12:13:48,RC-B10-0188/2024,,§ 1 - Am 1,177,406,10
170871,2024-11-28 12:14:01,RC-B10-0188/2024,,Proposition de résolution (ensemble du texte),562,2,30
170875,2024-11-28 12:13:21,RC-B10-0208/2024,,Proposition de résolution (ensemble du texte),473,23,98
170880,2024-11-28 12:15:14,RC-B10-0190/2024,,Proposition de résolution (ensemble du texte),492,5,102
170882,2024-11-28 12:19:24,RC-B10-0191/2024,,Après le § 4 - Am 8,135,412,58
170885,2024-11-28 12:19:47,RC-B10-0191/2024,,§ 4/2,443,73,70
170888,2024-11-28 12:20:06,RC-B10-0191/2024,,§ 5/2,323,184,95
170889,2024-11-28 12:20:19,RC-B10-0191/2024,,Après le § 5 - Am 9,115,439,29
170890,2024-11-28 12:20:31,RC-B10-0191/2024,,Après le § 11 - Am 10,82,435,57
170892,2024-11-28 12:20:49,RC-B10-0191/2024,,§ 13/1,415,98,85
170893,2024-11-28 12:21:00,RC-B10-0191/2024,,§ 13/2,380,160,52
170894,2024-11-28 12:21:12,RC-B10-0191/2024,,§ 13/3,304,229,51
170895,2024-11-28 12:21:24,RC-B10-0191/2024,,§ 13/4,462,92,38
170896,2024-11-28 12:21:33,RC-B10-0191/2024,,§ 13/5,354,178,63
170899,2024-11-28 12:22:07,RC-B10-0191/2024,,§ 14 - Am 12,435,121,41
170903,2024-11-28 12:23:27,RC-B10-0191/2024,,§ 16/2,419,138,32
170906,2024-11-28 12:25:00,RC-B10-0191/2024,,§ 17/2,464,74,54
170908,2024-11-28 12:25:15,RC-B10-0191/2024,,§ 19/1,371,156,69
170909,2024-11-28 12:25:26,RC-B10-0191/2024,,§ 19/2,383,128,78
170910,2024-11-28 12:25:35,RC-B10-0191/2024,,§ 19/3,370,170,49
170911,2024-11-28 12:25:44,RC-B10-0191/2024,,§ 19/4,377,161,52
170916,2024-11-28 12:26:52,RC-B10-0191/2024,,Considérant N,412,80,97
170917,2024-11-28 12:27:28,RC-B10-0191/2024,,Proposition de résolution (ensemble du texte),390,135,52
170918,2024-11-28 12:18:51,RC-B10-0191/2024,,Après le § 2 - Am 3,139,431,34
170919,2024-11-28 12:19:04,RC-B10-0191/2024,,Après le § 2 - Am 4,128,411,64
170920,2024-11-28 12:21:55,RC-B10-0191/2024,,Après le § 13 - Am 5,158,390,51
170921,2024-11-28 12:25:57,RC-B10-0191/2024,,Après le § 19 - Am 6,171,404,24
170922,2024-11-28 12:26:09,RC-B10-0191/2024,,Après le § 19 - Am 7,71,490,37
170923,2024-11-28 12:27:04,RC-B10-0191/2024,,Après le considérant T - Am 1,166,382,41
170924,2024-11-28 12:27:15,RC-B10-0191/2024,,Après le considérant T - Am 2,97,456,33
171182,2024-12-17 12:56:34,C10-0119/2024,,Accord provisoire (Proposition de la Commission - non modifiée),546,97,7
171281,2024-12-18 12:11:29,B10-0215/2024,,§ 1 - Am 6,119,503,7